Facility Name,Week Number,Positive_Count,Negative_Count,Overall Count_x,Prison Count,Overall Positive Ratio,Overall Negative Ratio,Prison Positive Ratio,Prison Negative Ratio,Prison Case Number,Prison Death Number,Prison File Count,Overall Count_y,Type,_merge,County,Level
Alameda_SantaRita,70,0,1,5,1,0.0,0.2,0.0,1.0,486.0,5.0,1,5,Jail,both,Alameda,County
Donovan,70,1,1,5,2,0.2,0.2,0.5,0.5,0.0,0.0,2,5,Prison,both,San Diego,State
NewFolsom,70,0,1,5,1,0.0,0.2,0.0,1.0,0.0,0.0,1,5,Prison,both,Sacramento,State
Solano,70,0,1,5,1,0.0,0.2,0.0,1.0,0.0,0.0,1,5,Prison,both,Solano,State
Alameda_SantaRita,96,0,1,5,1,0.0,0.2,0.0,1.0,831.0,9.0,1,5,Jail,both,Alameda,County
Tulare_SouthCounty,96,0,4,5,4,0.0,0.8,0.0,1.0,3324.0,120.0,4,5,Jail,both,Tulare,County
Alameda_SantaRita,97,0,1,22,1,0.0,0.0454545454545454,0.0,1.0,820.0,5.0,1,22,Jail,both,Alameda,County
Tulare_BobWiley,97,0,1,22,1,0.0,0.0454545454545454,0.0,1.0,641.0,33.0,1,22,Jail,both,Tulare,County
Ventura_Main,97,0,4,22,4,0.0,0.1818181818181818,0.0,1.0,2140.0,20.0,4,22,Jail,both,Ventura,County
Ventura_Todd,97,0,16,22,16,0.0,0.7272727272727273,0.0,1.0,8560.0,80.0,16,22,Jail,both,Ventura,County
Alameda_SantaRita,98,0,1,7,1,0.0,0.1428571428571428,0.0,1.0,855.0,6.0,1,7,Jail,both,Alameda,County
LosAngeles_MensCentral,98,0,1,7,1,0.0,0.1428571428571428,0.0,1.0,7113.0,85.0,1,7,Jail,both,Los Angeles,County
NewFolsom,98,0,1,7,1,0.0,0.1428571428571428,0.0,1.0,0.0,0.0,1,7,Prison,both,Sacramento,State
Ventura_Main,98,0,4,7,4,0.0,0.5714285714285714,0.0,1.0,2100.0,28.0,4,7,Jail,both,Ventura,County
Alameda_SantaRita,101,0,2,10,2,0.0,0.2,0.0,1.0,2170.0,14.0,2,10,Jail,both,Alameda,County
SantaClara_Elmwood,101,0,8,10,8,0.0,0.8,0.0,1.0,11176.0,48.0,8,10,Jail,both,Santa Clara,County
Alameda_SantaRita,106,0,1,3,1,0.0,0.3333333333333333,0.0,1.0,26169.0,29.0,1,3,Jail,both,Alameda,County
NewFolsom,106,0,1,3,1,0.0,0.3333333333333333,0.0,1.0,23.0,0.0,1,3,Prison,both,Sacramento,State
Vacaville,106,0,1,3,1,0.0,0.3333333333333333,0.0,1.0,13.0,0.0,1,3,Prison,both,Solano,State
Alameda_SantaRita,112,0,2,2,2,0.0,1.0,0.0,1.0,2862.0,28.0,2,2,Jail,both,Alameda,County
Amador_Main,87,0,1,17,1,0.0,0.0588235294117647,0.0,1.0,118.0,3.0,1,17,Jail,both,Amador,County
Fresno_Main,87,0,3,17,3,0.0,0.1764705882352941,0.0,1.0,9774.0,114.0,3,17,Jail,both,Fresno,County
LosAngeles_Metropolitan,87,0,8,17,8,0.0,0.4705882352941176,0.0,1.0,113744.0,1760.0,8,17,Jail,both,Los Angeles,County
SanJoaquin_Main,87,0,3,17,3,0.0,0.1764705882352941,0.0,1.0,6294.0,120.0,3,17,Jail,both,San Joaquin,County
Solano,87,0,1,17,1,0.0,0.0588235294117647,0.0,1.0,15.0,0.0,1,17,Prison,both,Solano,State
Yuba,87,0,1,17,1,0.0,0.0588235294117647,0.0,1.0,374.0,2.0,1,17,Jail,both,Yuba,County
Amador_Main,89,0,1,77,1,0.0,0.0129870129870129,0.0,1.0,113.0,0.0,1,77,Jail,both,Amador,County
Avenal,89,0,3,77,3,0.0,0.0389610389610389,0.0,1.0,0.0,0.0,3,77,Prison,both,Kings,State
Chowchilla,89,0,1,77,1,0.0,0.0129870129870129,0.0,1.0,2.0,0.0,1,77,Prison,both,Madera,State
Fresno_Main,89,0,3,77,3,0.0,0.0389610389610389,0.0,1.0,7686.0,117.0,3,77,Jail,both,Fresno,County
Fresno_Mendota,89,0,1,77,1,0.0,0.0129870129870129,0.0,1.0,2562.0,39.0,1,77,Prison,both,Fresno,Federal
LosAngeles_Metropolitan,89,0,4,77,4,0.0,0.0519480519480519,0.0,1.0,41592.0,604.0,4,77,Jail,both,Los Angeles,County
Merced_Latorraca,89,0,9,77,9,0.0,0.1168831168831168,0.0,1.0,6957.0,108.0,9,77,Jail,both,Merced,County
Merced_Latorraca ,89,0,9,77,9,0.0,0.1168831168831168,0.0,1.0,6957.0,108.0,9,77,Jail,both,Merced,County
Merced_Main,89,0,27,77,27,0.0,0.3506493506493506,0.0,1.0,20871.0,324.0,27,77,Jail,both,Merced,County
Merced_USPAtwater,89,9,9,77,18,0.1168831168831168,0.1168831168831168,0.5,0.5,13914.0,216.0,18,77,Prison,both,Merced,Federal
SanJoaquin_Main,89,1,0,77,1,0.0129870129870129,0.0,1.0,0.0,1615.0,39.0,1,77,Jail,both,San Joaquin,County
Avenal,43,0,1,4,1,0.0,0.25,0.0,1.0,3.0,1.0,1,4,Prison,both,Kings,State
Lancaster,43,0,1,4,1,0.0,0.25,0.0,1.0,1.0,0.0,1,4,Prison,both,Los Angeles,State
SanQuentin,43,0,1,4,1,0.0,0.25,0.0,1.0,0.0,0.0,1,4,Prison,both,Marin,State
Soledad,43,0,1,4,1,0.0,0.25,0.0,1.0,30.0,0.0,1,4,Prison,both,Monterey,State
Avenal,44,0,3,12,3,0.0,0.25,0.0,1.0,24.0,0.0,3,12,Prison,both,Kings,State
Chuckawalla,44,0,5,12,5,0.0,0.4166666666666667,0.0,1.0,520.0,5.0,5,12,Prison,both,Riverside,State
Corcoran,44,0,1,12,1,0.0,0.0833333333333333,0.0,1.0,1.0,0.0,1,12,Prison,both,Kings,State
Norco,44,0,1,12,1,0.0,0.0833333333333333,0.0,1.0,8.0,0.0,1,12,Prison,both,Riverside,State
SanQuentin,44,0,2,12,2,0.0,0.1666666666666666,0.0,1.0,0.0,0.0,2,12,Prison,both,Marin,State
Avenal,45,0,3,12,3,0.0,0.25,0.0,1.0,15.0,0.0,3,12,Prison,both,Kings,State
Chuckawalla,45,0,2,12,2,0.0,0.1666666666666666,0.0,1.0,110.0,0.0,2,12,Prison,both,Riverside,State
Ironwood,45,0,1,12,1,0.0,0.0833333333333333,0.0,1.0,3.0,0.0,1,12,Prison,both,Riverside,State
Lancaster,45,0,1,12,1,0.0,0.0833333333333333,0.0,1.0,2.0,0.0,1,12,Prison,both,Los Angeles,State
Mule Creek,45,0,2,12,2,0.0,0.1666666666666666,0.0,1.0,0.0,0.0,2,12,Prison,both,Amador,State
SanQuentin,45,0,2,12,2,0.0,0.1666666666666666,0.0,1.0,0.0,0.0,2,12,Prison,both,Marin,State
Vacaville,45,0,1,12,1,0.0,0.0833333333333333,0.0,1.0,5.0,0.0,1,12,Prison,both,Solano,State
Avenal,63,0,1,24,1,0.0,0.0416666666666666,0.0,1.0,0.0,0.0,1,24,Prison,both,Kings,State
CIW,63,0,1,24,1,0.0,0.0416666666666666,0.0,1.0,2.0,0.0,1,24,Prison,both,San Bernardino,State
CMC,63,0,1,24,1,0.0,0.0416666666666666,0.0,1.0,0.0,0.0,1,24,Prison,both,San Luis Obispo,State
Donovan,63,1,0,24,1,0.0416666666666666,0.0,1.0,0.0,0.0,0.0,1,24,Prison,both,San Diego,State
High Desert,63,1,0,24,1,0.0416666666666666,0.0,1.0,0.0,1.0,0.0,1,24,Prison,both,Lassen,State
Jamestown,63,0,4,24,4,0.0,0.1666666666666666,0.0,1.0,4.0,0.0,4,24,Prison,both,Tuolumne,State
Lancaster,63,0,1,24,1,0.0,0.0416666666666666,0.0,1.0,1.0,0.0,1,24,Prison,both,Los Angeles,State
Pleasant Valley,63,0,1,24,1,0.0,0.0416666666666666,0.0,1.0,0.0,0.0,1,24,Prison,both,Riverside,State
SalinasValley,63,0,1,24,1,0.0,0.0416666666666666,0.0,1.0,0.0,0.0,1,24,Prison,both,Monterey,State
Solano,63,0,1,24,1,0.0,0.0416666666666666,0.0,1.0,1.0,0.0,1,24,Prison,both,Solano,State
Stockton,63,1,3,24,4,0.0416666666666666,0.125,0.25,0.75,4.0,0.0,4,24,Prison,both,San Joaquin,State
Tracy,63,0,2,24,2,0.0,0.0833333333333333,0.0,1.0,0.0,0.0,2,24,Prison,both,San Joaquin,State
Valley State,63,0,2,24,2,0.0,0.0833333333333333,0.0,1.0,0.0,0.0,2,24,Prison,both,Madera,State
Wasco,63,0,3,24,3,0.0,0.125,0.0,1.0,6.0,0.0,3,24,Prison,both,Kern,State
Avenal,72,0,1,8,1,0.0,0.125,0.0,1.0,0.0,0.0,1,8,Prison,both,Kings,State
Corcoran,72,0,1,8,1,0.0,0.125,0.0,1.0,0.0,0.0,1,8,Prison,both,Kings,State
Mule Creek,72,0,3,8,3,0.0,0.375,0.0,1.0,0.0,0.0,3,8,Prison,both,Amador,State
Orange_Central,72,0,1,8,1,0.0,0.125,0.0,1.0,240.0,2.0,1,8,Jail,both,Orange,County
PelicanBay,72,0,1,8,1,0.0,0.125,0.0,1.0,0.0,0.0,1,8,Prison,both,Fresno,State
SalinasValley,72,0,1,8,1,0.0,0.125,0.0,1.0,0.0,0.0,1,8,Prison,both,Monterey,State
Butte_Main,105,0,2,15,2,0.0,0.1333333333333333,0.0,1.0,3898.0,4.0,2,15,Jail,both,Butte,County
Merced_Main,105,0,9,15,9,0.0,0.6,0.0,1.0,32463.0,99.0,9,15,Jail,both,Merced,County
Ventura_Main,105,0,4,15,4,0.0,0.2666666666666666,0.0,1.0,69536.0,88.0,4,15,Jail,both,Ventura,County
CIW,46,0,1,3,1,0.0,0.3333333333333333,0.0,1.0,0.0,0.0,1,3,Prison,both,San Bernardino,State
Chuckawalla,46,0,1,3,1,0.0,0.3333333333333333,0.0,1.0,2.0,0.0,1,3,Prison,both,Riverside,State
Ironwood,46,0,1,3,1,0.0,0.3333333333333333,0.0,1.0,0.0,0.0,1,3,Prison,both,Riverside,State
CIW,48,0,2,13,2,0.0,0.1538461538461538,0.0,1.0,74.0,0.0,2,13,Prison,both,San Bernardino,State
Centinela,48,0,1,13,1,0.0,0.0769230769230769,0.0,1.0,322.0,1.0,1,13,Prison,both,Imperial,State
Chino,48,0,1,13,1,0.0,0.0769230769230769,0.0,1.0,3.0,0.0,1,13,Prison,both,San Bernardino,State
Chowchilla,48,0,1,13,1,0.0,0.0769230769230769,0.0,1.0,3.0,0.0,1,13,Prison,both,Madera,State
Chuckawalla,48,0,1,13,1,0.0,0.0769230769230769,0.0,1.0,3.0,0.0,1,13,Prison,both,Riverside,State
Donovan,48,0,2,13,2,0.0,0.1538461538461538,0.0,1.0,396.0,0.0,2,13,Prison,both,San Diego,State
Lancaster,48,0,1,13,1,0.0,0.0769230769230769,0.0,1.0,86.0,1.0,1,13,Prison,both,Los Angeles,State
SanQuentin,48,0,1,13,1,0.0,0.0769230769230769,0.0,1.0,0.0,0.0,1,13,Prison,both,Marin,State
Tehachapi,48,0,3,13,3,0.0,0.2307692307692307,0.0,1.0,429.0,0.0,3,13,Prison,both,Kern,State
CIW,49,0,2,23,2,0.0,0.0869565217391304,0.0,1.0,74.0,0.0,2,23,Prison,both,San Bernardino,State
Chino,49,1,3,23,4,0.0434782608695652,0.1304347826086956,0.25,0.75,0.0,0.0,4,23,Prison,both,San Bernardino,State
Chowchilla,49,0,1,23,1,0.0,0.0434782608695652,0.0,1.0,6.0,0.0,1,23,Prison,both,Madera,State
Chuckawalla,49,0,2,23,2,0.0,0.0869565217391304,0.0,1.0,6.0,2.0,2,23,Prison,both,Riverside,State
Lancaster,49,0,1,23,1,0.0,0.0434782608695652,0.0,1.0,635.0,1.0,1,23,Prison,both,Los Angeles,State
Mule Creek,49,0,1,23,1,0.0,0.0434782608695652,0.0,1.0,365.0,1.0,1,23,Prison,both,Amador,State
Tehachapi,49,0,12,23,12,0.0,0.5217391304347826,0.0,1.0,252.0,0.0,12,23,Prison,both,Kern,State
CIW,50,0,2,17,2,0.0,0.1176470588235294,0.0,1.0,14.0,0.0,2,17,Prison,both,San Bernardino,State
CSATF,50,1,1,17,2,0.0588235294117647,0.0588235294117647,0.5,0.5,12.0,0.0,2,17,Prison,both,Kings,State
Chino,50,0,2,17,2,0.0,0.1176470588235294,0.0,1.0,18.0,0.0,2,17,Prison,both,San Bernardino,State
Chowchilla,50,0,1,17,1,0.0,0.0588235294117647,0.0,1.0,14.0,0.0,1,17,Prison,both,Madera,State
Solano,50,0,3,17,3,0.0,0.1764705882352941,0.0,1.0,420.0,0.0,3,17,Prison,both,Solano,State
Soledad,50,0,2,17,2,0.0,0.1176470588235294,0.0,1.0,556.0,4.0,2,17,Prison,both,Monterey,State
Tehachapi,50,0,5,17,5,0.0,0.2941176470588235,0.0,1.0,675.0,0.0,5,17,Prison,both,Kern,State
CIW,51,0,1,15,1,0.0,0.0666666666666666,0.0,1.0,0.0,0.0,1,15,Prison,both,San Bernardino,State
Chino,51,0,3,15,3,0.0,0.2,0.0,1.0,102.0,0.0,3,15,Prison,both,San Bernardino,State
Chowchilla,51,0,3,15,3,0.0,0.2,0.0,1.0,516.0,0.0,3,15,Prison,both,Madera,State
Corcoran,51,0,1,15,1,0.0,0.0666666666666666,0.0,1.0,112.0,1.0,1,15,Prison,both,Kings,State
SanQuentin,51,1,1,15,2,0.0666666666666666,0.0666666666666666,0.5,0.5,0.0,0.0,2,15,Prison,both,Marin,State
Solano,51,0,2,15,2,0.0,0.1333333333333333,0.0,1.0,302.0,0.0,2,15,Prison,both,Solano,State
Soledad,51,0,1,15,1,0.0,0.0666666666666666,0.0,1.0,124.0,0.0,1,15,Prison,both,Monterey,State
Tehachapi,51,0,1,15,1,0.0,0.0666666666666666,0.0,1.0,26.0,1.0,1,15,Prison,both,Kern,State
Vacaville,51,0,1,15,1,0.0,0.0666666666666666,0.0,1.0,151.0,0.0,1,15,Prison,both,Solano,State
CIW,52,0,1,18,1,0.0,0.0555555555555555,0.0,1.0,0.0,0.0,1,18,Prison,both,San Bernardino,State
CSATF,52,0,1,18,1,0.0,0.0555555555555555,0.0,1.0,1.0,0.0,1,18,Prison,both,Kings,State
Chino,52,0,1,18,1,0.0,0.0555555555555555,0.0,1.0,26.0,0.0,1,18,Prison,both,San Bernardino,State
Chowchilla,52,0,1,18,1,0.0,0.0555555555555555,0.0,1.0,222.0,0.0,1,18,Prison,both,Madera,State
Corcoran,52,0,1,18,1,0.0,0.0555555555555555,0.0,1.0,44.0,0.0,1,18,Prison,both,Kings,State
Ironwood,52,1,1,18,2,0.0555555555555555,0.0555555555555555,0.5,0.5,138.0,0.0,2,18,Prison,both,Riverside,State
Soledad,52,1,8,18,9,0.0555555555555555,0.4444444444444444,0.1111111111111111,0.8888888888888888,1485.0,18.0,9,18,Prison,both,Monterey,State
Tehachapi,52,0,2,18,2,0.0,0.1111111111111111,0.0,1.0,48.0,4.0,2,18,Prison,both,Kern,State
CIW,64,0,1,12,1,0.0,0.0833333333333333,0.0,1.0,1.0,0.0,1,12,Prison,both,San Bernardino,State
CSATF,64,1,0,12,1,0.0833333333333333,0.0,1.0,0.0,0.0,0.0,1,12,Prison,both,Kings,State
Calipatria,64,0,1,12,1,0.0,0.0833333333333333,0.0,1.0,0.0,0.0,1,12,Prison,both,Imperial,State
Chowchilla,64,0,1,12,1,0.0,0.0833333333333333,0.0,1.0,2.0,0.0,1,12,Prison,both,Madera,State
KernValley,64,0,1,12,1,0.0,0.0833333333333333,0.0,1.0,0.0,0.0,1,12,Prison,both,Kern,State
Pleasant Valley,64,0,2,12,2,0.0,0.1666666666666666,0.0,1.0,8.0,0.0,2,12,Prison,both,Riverside,State
Solano,64,0,2,12,2,0.0,0.1666666666666666,0.0,1.0,2.0,0.0,2,12,Prison,both,Solano,State
Soledad,64,0,1,12,1,0.0,0.0833333333333333,0.0,1.0,0.0,0.0,1,12,Prison,both,Monterey,State
Valley State,64,1,1,12,2,0.0833333333333333,0.0833333333333333,0.5,0.5,0.0,0.0,2,12,Prison,both,Madera,State
CMC,55,0,1,14,1,0.0,0.0714285714285714,0.0,1.0,132.0,1.0,1,14,Prison,both,San Luis Obispo,State
CSATF,55,1,1,14,2,0.0714285714285714,0.0714285714285714,0.5,0.5,8.0,0.0,2,14,Prison,both,Kings,State
Calipatria,55,0,1,14,1,0.0,0.0714285714285714,0.0,1.0,24.0,0.0,1,14,Prison,both,Imperial,State
Centinela,55,0,1,14,1,0.0,0.0714285714285714,0.0,1.0,5.0,0.0,1,14,Prison,both,Imperial,State
Chowchilla,55,0,1,14,1,0.0,0.0714285714285714,0.0,1.0,21.0,0.0,1,14,Prison,both,Madera,State
Ironwood,55,0,1,14,1,0.0,0.0714285714285714,0.0,1.0,64.0,0.0,1,14,Prison,both,Riverside,State
Norco,55,0,1,14,1,0.0,0.0714285714285714,0.0,1.0,21.0,0.0,1,14,Prison,both,Riverside,State
SanQuentin,55,0,1,14,1,0.0,0.0714285714285714,0.0,1.0,2.0,0.0,1,14,Prison,both,Marin,State
Solano,55,0,1,14,1,0.0,0.0714285714285714,0.0,1.0,184.0,0.0,1,14,Prison,both,Solano,State
Soledad,55,0,2,14,2,0.0,0.1428571428571428,0.0,1.0,28.0,2.0,2,14,Prison,both,Monterey,State
Tehachapi,55,0,2,14,2,0.0,0.1428571428571428,0.0,1.0,106.0,0.0,2,14,Prison,both,Kern,State
CMC,56,3,3,11,6,0.2727272727272727,0.2727272727272727,0.5,0.5,108.0,12.0,6,11,Prison,both,San Luis Obispo,State
Calipatria,56,0,2,11,2,0.0,0.1818181818181818,0.0,1.0,40.0,0.0,2,11,Prison,both,Imperial,State
Ironwood,56,1,0,11,1,0.0909090909090909,0.0,1.0,0.0,205.0,0.0,1,11,Prison,both,Riverside,State
Tracy,56,0,2,11,2,0.0,0.1818181818181818,0.0,1.0,12.0,0.0,2,11,Prison,both,San Joaquin,State
CMC,58,0,7,16,7,0.0,0.4375,0.0,1.0,0.0,0.0,7,16,Prison,both,San Luis Obispo,State
Calipatria,58,0,2,16,2,0.0,0.125,0.0,1.0,46.0,0.0,2,16,Prison,both,Imperial,State
NorthKern,58,1,0,16,1,0.0625,0.0,1.0,0.0,2.0,0.0,1,16,Prison,both,Kern,State
Pleasant Valley,58,0,3,16,3,0.0,0.1875,0.0,1.0,3.0,0.0,3,16,Prison,both,Riverside,State
Soledad,58,0,1,16,1,0.0,0.0625,0.0,1.0,0.0,0.0,1,16,Prison,both,Monterey,State
Tehachapi,58,0,1,16,1,0.0,0.0625,0.0,1.0,8.0,0.0,1,16,Prison,both,Kern,State
Valley State,58,0,1,16,1,0.0,0.0625,0.0,1.0,1.0,0.0,1,16,Prison,both,Madera,State
CMC,59,0,3,11,3,0.0,0.2727272727272727,0.0,1.0,0.0,3.0,3,11,Prison,both,San Luis Obispo,State
Delano,59,0,3,11,3,0.0,0.2727272727272727,0.0,1.0,2544.0,99.0,3,11,Prison,both,Kern,State
High Desert,59,1,0,11,1,0.0909090909090909,0.0,1.0,0.0,10.0,0.0,1,11,Prison,both,Lassen,State
Norco,59,0,1,11,1,0.0,0.0909090909090909,0.0,1.0,0.0,0.0,1,11,Prison,both,Riverside,State
Pleasant Valley,59,0,1,11,1,0.0,0.0909090909090909,0.0,1.0,1.0,0.0,1,11,Prison,both,Riverside,State
Valley State,59,0,1,11,1,0.0,0.0909090909090909,0.0,1.0,7.0,0.0,1,11,Prison,both,Madera,State
Wasco,59,0,1,11,1,0.0,0.0909090909090909,0.0,1.0,16.0,0.0,1,11,Prison,both,Kern,State
CMC,60,0,6,26,6,0.0,0.2307692307692307,0.0,1.0,0.0,0.0,6,26,Prison,both,San Luis Obispo,State
Calipatria,60,0,2,26,2,0.0,0.0769230769230769,0.0,1.0,10.0,0.0,2,26,Prison,both,Imperial,State
Centinela,60,0,1,26,1,0.0,0.0384615384615384,0.0,1.0,0.0,0.0,1,26,Prison,both,Imperial,State
High Desert,60,0,1,26,1,0.0,0.0384615384615384,0.0,1.0,0.0,0.0,1,26,Prison,both,Lassen,State
Pleasant Valley,60,2,2,26,4,0.0769230769230769,0.0769230769230769,0.5,0.5,0.0,0.0,4,26,Prison,both,Riverside,State
Solano,60,1,1,26,2,0.0384615384615384,0.0384615384615384,0.5,0.5,0.0,0.0,2,26,Prison,both,Solano,State
Tracy,60,0,3,26,3,0.0,0.1153846153846153,0.0,1.0,0.0,0.0,3,26,Prison,both,San Joaquin,State
Valley State,60,0,3,26,3,0.0,0.1153846153846153,0.0,1.0,0.0,0.0,3,26,Prison,both,Madera,State
Wasco,60,1,3,26,4,0.0384615384615384,0.1153846153846153,0.25,0.75,60.0,0.0,4,26,Prison,both,Kern,State
CMC,68,0,1,51,1,0.0,0.0196078431372549,0.0,1.0,0.0,0.0,1,51,Prison,both,San Luis Obispo,State
Centinela,68,0,1,51,1,0.0,0.0196078431372549,0.0,1.0,0.0,0.0,1,51,Prison,both,Imperial,State
Corcoran,68,0,1,51,1,0.0,0.0196078431372549,0.0,1.0,1.0,0.0,1,51,Prison,both,Kings,State
Delano,68,0,1,51,1,0.0,0.0196078431372549,0.0,1.0,235.0,3.0,1,51,Prison,both,Kern,State
Donovan,68,1,4,51,5,0.0196078431372549,0.0784313725490196,0.2,0.8,0.0,0.0,5,51,Prison,both,San Diego,State
Jamestown,68,0,1,51,1,0.0,0.0196078431372549,0.0,1.0,1.0,0.0,1,51,Prison,both,Tuolumne,State
Mule Creek,68,0,3,51,3,0.0,0.0588235294117647,0.0,1.0,3.0,0.0,3,51,Prison,both,Amador,State
NewFolsom,68,0,8,51,8,0.0,0.1568627450980392,0.0,1.0,0.0,0.0,8,51,Prison,both,Sacramento,State
Orange_Central,68,0,4,51,4,0.0,0.0784313725490196,0.0,1.0,2240.0,36.0,4,51,Jail,both,Orange,County
Orange_TheoLacy,68,1,10,51,11,0.0196078431372549,0.196078431372549,0.0909090909090909,0.9090909090909092,6160.0,99.0,11,51,Jail,both,Orange,County
PelicanBay,68,1,2,51,3,0.0196078431372549,0.0392156862745098,0.3333333333333333,0.6666666666666666,3.0,0.0,3,51,Prison,both,Fresno,State
SalinasValley,68,0,7,51,7,0.0,0.1372549019607843,0.0,1.0,0.0,0.0,7,51,Prison,both,Monterey,State
Stockton,68,0,1,51,1,0.0,0.0196078431372549,0.0,1.0,2.0,0.0,1,51,Prison,both,San Joaquin,State
Susanville,68,1,1,51,2,0.0196078431372549,0.0196078431372549,0.5,0.5,0.0,0.0,2,51,Prison,both,Lassen,State
Tehachapi,68,0,1,51,1,0.0,0.0196078431372549,0.0,1.0,0.0,0.0,1,51,Prison,both,Kern,State
Wasco,68,0,1,51,1,0.0,0.0196078431372549,0.0,1.0,1.0,0.0,1,51,Prison,both,Kern,State
CSATF,47,0,1,10,1,0.0,0.1,0.0,1.0,507.0,1.0,1,10,Prison,both,Kings,State
Centinela,47,0,1,10,1,0.0,0.1,0.0,1.0,22.0,0.0,1,10,Prison,both,Imperial,State
Chowchilla,47,0,1,10,1,0.0,0.1,0.0,1.0,0.0,0.0,1,10,Prison,both,Madera,State
Chuckawalla,47,0,3,10,3,0.0,0.3,0.0,1.0,3.0,3.0,3,10,Prison,both,Riverside,State
Soledad,47,0,1,10,1,0.0,0.1,0.0,1.0,124.0,1.0,1,10,Prison,both,Monterey,State
Sonoma_Main,47,0,1,10,1,0.0,0.1,0.0,1.0,956.0,3.0,1,10,Jail,both,Sonoma,County
Tehachapi,47,0,1,10,1,0.0,0.1,0.0,1.0,8.0,0.0,1,10,Prison,both,Kern,State
Vacaville,47,0,1,10,1,0.0,0.1,0.0,1.0,9.0,0.0,1,10,Prison,both,Solano,State
CSATF,53,1,3,16,4,0.0625,0.1875,0.25,0.75,0.0,0.0,4,16,Prison,both,Kings,State
Donovan,53,0,3,16,3,0.0,0.1875,0.0,1.0,156.0,12.0,3,16,Prison,both,San Diego,State
Folsom,53,0,1,16,1,0.0,0.0625,0.0,1.0,0.0,0.0,1,16,Prison,both,Sacramento,State
Mule Creek,53,1,0,16,1,0.0625,0.0,1.0,0.0,62.0,0.0,1,16,Prison,both,Amador,State
Soledad,53,2,4,16,6,0.125,0.25,0.3333333333333333,0.6666666666666666,750.0,24.0,6,16,Prison,both,Monterey,State
Vacaville,53,0,1,16,1,0.0,0.0625,0.0,1.0,78.0,0.0,1,16,Prison,both,Solano,State
CSATF,54,0,5,15,5,0.0,0.3333333333333333,0.0,1.0,5.0,0.0,5,15,Prison,both,Kings,State
Chowchilla,54,0,1,15,1,0.0,0.0666666666666666,0.0,1.0,48.0,0.0,1,15,Prison,both,Madera,State
Donovan,54,0,2,15,2,0.0,0.1333333333333333,0.0,1.0,10.0,2.0,2,15,Prison,both,San Diego,State
Mule Creek,54,0,3,15,3,0.0,0.2,0.0,1.0,96.0,3.0,3,15,Prison,both,Amador,State
Soledad,54,0,2,15,2,0.0,0.1333333333333333,0.0,1.0,244.0,2.0,2,15,Prison,both,Monterey,State
Tehachapi,54,0,1,15,1,0.0,0.0666666666666666,0.0,1.0,25.0,0.0,1,15,Prison,both,Kern,State
Vacaville,54,0,1,15,1,0.0,0.0666666666666666,0.0,1.0,56.0,1.0,1,15,Prison,both,Solano,State
CSATF,57,0,1,11,1,0.0,0.0909090909090909,0.0,1.0,0.0,0.0,1,11,Prison,both,Kings,State
Calipatria,57,1,5,11,6,0.0909090909090909,0.4545454545454545,0.1666666666666666,0.8333333333333334,138.0,0.0,6,11,Prison,both,Imperial,State
Chowchilla,57,0,1,11,1,0.0,0.0909090909090909,0.0,1.0,6.0,0.0,1,11,Prison,both,Madera,State
Norco,57,0,1,11,1,0.0,0.0909090909090909,0.0,1.0,3.0,0.0,1,11,Prison,both,Riverside,State
Pleasant Valley,57,0,1,11,1,0.0,0.0909090909090909,0.0,1.0,1.0,0.0,1,11,Prison,both,Riverside,State
Tehachapi,57,0,1,11,1,0.0,0.0909090909090909,0.0,1.0,10.0,0.0,1,11,Prison,both,Kern,State
CSATF,65,0,1,11,1,0.0,0.0909090909090909,0.0,1.0,0.0,0.0,1,11,Prison,both,Kings,State
Calipatria,65,0,1,11,1,0.0,0.0909090909090909,0.0,1.0,0.0,0.0,1,11,Prison,both,Imperial,State
Centinela,65,0,1,11,1,0.0,0.0909090909090909,0.0,1.0,0.0,0.0,1,11,Prison,both,Imperial,State
Donovan,65,0,1,11,1,0.0,0.0909090909090909,0.0,1.0,0.0,0.0,1,11,Prison,both,San Diego,State
Norco,65,0,1,11,1,0.0,0.0909090909090909,0.0,1.0,0.0,0.0,1,11,Prison,both,Riverside,State
Solano,65,0,1,11,1,0.0,0.0909090909090909,0.0,1.0,0.0,0.0,1,11,Prison,both,Solano,State
Stockton,65,0,1,11,1,0.0,0.0909090909090909,0.0,1.0,1.0,0.0,1,11,Prison,both,San Joaquin,State
Valley State,65,1,2,11,3,0.0909090909090909,0.1818181818181818,0.3333333333333333,0.6666666666666666,0.0,0.0,3,11,Prison,both,Madera,State
Wasco,65,0,1,11,1,0.0,0.0909090909090909,0.0,1.0,0.0,0.0,1,11,Prison,both,Kern,State
CaliforniaCity,69,1,0,58,1,0.0172413793103448,0.0,1.0,0.0,0.0,0.0,1,58,Prison,both,Kern,State
Corcoran,69,0,1,58,1,0.0,0.0172413793103448,0.0,1.0,1.0,0.0,1,58,Prison,both,Kings,State
Donovan,69,3,7,58,10,0.0517241379310344,0.1206896551724138,0.3,0.7,0.0,0.0,10,58,Prison,both,San Diego,State
Folsom,69,0,1,58,1,0.0,0.0172413793103448,0.0,1.0,0.0,0.0,1,58,Prison,both,Sacramento,State
KernValley,69,0,10,58,10,0.0,0.1724137931034483,0.0,1.0,0.0,0.0,10,58,Prison,both,Kern,State
Mule Creek,69,0,3,58,3,0.0,0.0517241379310344,0.0,1.0,0.0,0.0,3,58,Prison,both,Amador,State
NewFolsom,69,0,6,58,6,0.0,0.1034482758620689,0.0,1.0,6.0,0.0,6,58,Prison,both,Sacramento,State
Orange_Central,69,0,1,58,1,0.0,0.0172413793103448,0.0,1.0,481.0,2.0,1,58,Jail,both,Orange,County
Orange_TheoLacy,69,0,4,58,4,0.0,0.0689655172413793,0.0,1.0,1924.0,8.0,4,58,Jail,both,Orange,County
PelicanBay,69,0,1,58,1,0.0,0.0172413793103448,0.0,1.0,0.0,0.0,1,58,Prison,both,Fresno,State
SalinasValley,69,1,3,58,4,0.0172413793103448,0.0517241379310344,0.25,0.75,0.0,0.0,4,58,Prison,both,Monterey,State
Solano,69,0,1,58,1,0.0,0.0172413793103448,0.0,1.0,1.0,0.0,1,58,Prison,both,Solano,State
Susanville,69,0,5,58,5,0.0,0.0862068965517241,0.0,1.0,0.0,0.0,5,58,Prison,both,Lassen,State
Vacaville,69,0,8,58,8,0.0,0.1379310344827586,0.0,1.0,8.0,0.0,8,58,Prison,both,Solano,State
Valley State,69,0,2,58,2,0.0,0.0344827586206896,0.0,1.0,0.0,0.0,2,58,Prison,both,Madera,State
CaliforniaCity,74,0,1,181,1,0.0,0.005524861878453,0.0,1.0,0.0,0.0,1,181,Prison,both,Kern,State
Riverside_Benoit,74,0,36,181,36,0.0,0.1988950276243093,0.0,1.0,10980.0,36.0,36,181,Jail,both,Riverside,County
Riverside_Byrd,74,0,36,181,36,0.0,0.1988950276243093,0.0,1.0,10980.0,36.0,36,181,Jail,both,Riverside,County
Riverside_Presley,74,0,72,181,72,0.0,0.3977900552486187,0.0,1.0,21960.0,72.0,72,181,Jail,both,Riverside,County
Riverside_Smith,74,0,36,181,36,0.0,0.1988950276243093,0.0,1.0,10980.0,36.0,36,181,Jail,both,Riverside,County
CaliforniaCity,75,1,0,147,1,0.0068027210884353,0.0,1.0,0.0,0.0,0.0,1,147,Prison,both,Kern,State
NewFolsom,75,0,2,147,2,0.0,0.0136054421768707,0.0,1.0,2.0,0.0,2,147,Prison,both,Sacramento,State
Riverside_Blythe,75,0,36,147,36,0.0,0.2448979591836734,0.0,1.0,10296.0,180.0,36,147,Jail,both,Riverside,County
Riverside_Smith,75,0,108,147,108,0.0,0.7346938775510204,0.0,1.0,30888.0,540.0,108,147,Jail,both,Riverside,County
CaliforniaCity,76,0,2,110,2,0.0,0.0181818181818181,0.0,1.0,2.0,0.0,2,110,Prison,both,Kern,State
Riverside_Smith,76,0,108,110,108,0.0,0.9818181818181818,0.0,1.0,42444.0,324.0,108,110,Jail,both,Riverside,County
Calipatria,62,0,1,12,1,0.0,0.0833333333333333,0.0,1.0,1.0,0.0,1,12,Prison,both,Imperial,State
Chino,62,0,1,12,1,0.0,0.0833333333333333,0.0,1.0,1.0,0.0,1,12,Prison,both,San Bernardino,State
High Desert,62,0,1,12,1,0.0,0.0833333333333333,0.0,1.0,0.0,0.0,1,12,Prison,both,Lassen,State
Jamestown,62,0,2,12,2,0.0,0.1666666666666666,0.0,1.0,0.0,0.0,2,12,Prison,both,Tuolumne,State
Pleasant Valley,62,1,1,12,2,0.0833333333333333,0.0833333333333333,0.5,0.5,0.0,0.0,2,12,Prison,both,Riverside,State
Solano,62,1,3,12,4,0.0833333333333333,0.25,0.25,0.75,0.0,0.0,4,12,Prison,both,Solano,State
Tracy,62,0,1,12,1,0.0,0.0833333333333333,0.0,1.0,0.0,0.0,1,12,Prison,both,San Joaquin,State
Calipatria,66,0,1,4,1,0.0,0.25,0.0,1.0,0.0,0.0,1,4,Prison,both,Imperial,State
Chowchilla,66,1,0,4,1,0.25,0.0,1.0,0.0,0.0,0.0,1,4,Prison,both,Madera,State
SalinasValley,66,0,1,4,1,0.0,0.25,0.0,1.0,0.0,0.0,1,4,Prison,both,Monterey,State
Soledad,66,0,1,4,1,0.0,0.25,0.0,1.0,1.0,0.0,1,4,Prison,both,Monterey,State
Centinela,67,0,1,12,1,0.0,0.0833333333333333,0.0,1.0,0.0,0.0,1,12,Prison,both,Imperial,State
NewFolsom,67,0,1,12,1,0.0,0.0833333333333333,0.0,1.0,0.0,0.0,1,12,Prison,both,Sacramento,State
Orange_Central,67,1,2,12,3,0.0833333333333333,0.1666666666666666,0.3333333333333333,0.6666666666666666,1929.0,42.0,3,12,Jail,both,Orange,County
Orange_TheoLacy,67,0,4,12,4,0.0,0.3333333333333333,0.0,1.0,2572.0,56.0,4,12,Jail,both,Orange,County
Soledad,67,1,0,12,1,0.0833333333333333,0.0,1.0,0.0,1.0,0.0,1,12,Prison,both,Monterey,State
Valley State,67,1,1,12,2,0.0833333333333333,0.0833333333333333,0.5,0.5,0.0,0.0,2,12,Prison,both,Madera,State
Chino,17,0,1,1,1,0.0,1.0,0.0,1.0,150.0,0.0,1,1,Prison,both,San Bernardino,State
Chino,34,1,0,1,1,1.0,0.0,1.0,0.0,1.0,0.0,1,1,Prison,both,San Bernardino,State
Chino,109,1,4,5,5,0.2,0.8,0.2,0.8,210.0,0.0,5,5,Prison,both,San Bernardino,State
Chowchilla,71,0,1,6,1,0.0,0.1666666666666666,0.0,1.0,0.0,0.0,1,6,Prison,both,Madera,State
KernValley,71,0,3,6,3,0.0,0.5,0.0,1.0,3.0,0.0,3,6,Prison,both,Kern,State
NewFolsom,71,0,1,6,1,0.0,0.1666666666666666,0.0,1.0,1.0,0.0,1,6,Prison,both,Sacramento,State
Orange_Central,71,0,1,6,1,0.0,0.1666666666666666,0.0,1.0,329.0,9.0,1,6,Jail,both,Orange,County
Corcoran,86,0,1,5,1,0.0,0.2,0.0,1.0,3.0,1.0,1,5,Prison,both,Kings,State
Fresno_Main,86,0,2,5,2,0.0,0.4,0.0,1.0,6964.0,84.0,2,5,Jail,both,Fresno,County
Kings_Main,86,0,1,5,1,0.0,0.2,0.0,1.0,786.0,3.0,1,5,Jail,both,Kings,County
Norco,86,0,1,5,1,0.0,0.2,0.0,1.0,1.0,0.0,1,5,Prison,both,Riverside,State
Donovan,39,0,1,1,1,0.0,1.0,0.0,1.0,0.0,0.0,1,1,Prison,both,San Diego,State
FireCamps,85,0,1,2,1,0.0,0.5,0.0,1.0,90336.0,791.0,1,2,Department,both,California,State
Vacaville,85,0,1,2,1,0.0,0.5,0.0,1.0,4.0,0.0,1,2,Prison,both,Solano,State
Fresno_Main,88,0,2,58,2,0.0,0.0344827586206896,0.0,1.0,5826.0,102.0,2,58,Jail,both,Fresno,County
LosAngeles_Metropolitan,88,4,0,58,4,0.0689655172413793,0.0,1.0,0.0,48112.0,764.0,4,58,Jail,both,Los Angeles,County
Merced_Latorraca,88,0,18,58,18,0.0,0.3103448275862069,0.0,1.0,15822.0,306.0,18,58,Jail,both,Merced,County
Merced_USPAtwater,88,9,18,58,27,0.1551724137931034,0.3103448275862069,0.3333333333333333,0.6666666666666666,23733.0,459.0,27,58,Prison,both,Merced,Federal
PelicanBay,88,0,1,58,1,0.0,0.0172413793103448,0.0,1.0,3.0,0.0,1,58,Prison,both,Fresno,State
SanJoaquin_Main,88,0,5,58,5,0.0,0.0862068965517241,0.0,1.0,8615.0,185.0,5,58,Jail,both,San Joaquin,County
Tulare_BobWiley,88,0,1,58,1,0.0,0.0172413793103448,0.0,1.0,1702.0,22.0,1,58,Jail,both,Tulare,County
Fresno_Main,90,0,1,14,1,0.0,0.0714285714285714,0.0,1.0,2065.0,46.0,1,14,Jail,both,Fresno,County
Merced_Main,90,0,9,14,9,0.0,0.6428571428571429,0.0,1.0,6489.0,117.0,9,14,Jail,both,Merced,County
PelicanBay,90,0,1,14,1,0.0,0.0714285714285714,0.0,1.0,1.0,0.0,1,14,Prison,both,Fresno,State
Stockton,90,0,1,14,1,0.0,0.0714285714285714,0.0,1.0,2.0,0.0,1,14,Prison,both,San Joaquin,State
USP_Victorville,90,0,2,14,2,0.0,0.1428571428571428,0.0,1.0,5206.0,144.0,2,14,Prison,both,San Bernardino,Federal
Fresno_Main,92,0,1,24,1,0.0,0.0416666666666666,0.0,1.0,1923.0,31.0,1,24,Jail,both,Fresno,County
LosAngeles_MensCentral,92,0,1,24,1,0.0,0.0416666666666666,0.0,1.0,6683.0,111.0,1,24,Jail,both,Los Angeles,County
LosAngeles_TwinTowers,92,0,8,24,8,0.0,0.3333333333333333,0.0,1.0,53464.0,888.0,8,24,Jail,both,Los Angeles,County
Merced_Main,92,0,9,24,9,0.0,0.375,0.0,1.0,4599.0,99.0,9,24,Jail,both,Merced,County
PelicanBay,92,0,1,24,1,0.0,0.0416666666666666,0.0,1.0,0.0,0.0,1,24,Prison,both,Fresno,State
SanBernardino_Central,92,0,4,24,4,0.0,0.1666666666666666,0.0,1.0,8276.0,216.0,4,24,Jail,both,San Bernardino,County
High Desert,61,0,1,4,1,0.0,0.25,0.0,1.0,0.0,0.0,1,4,Prison,both,Lassen,State
Valley State,61,0,2,4,2,0.0,0.5,0.0,1.0,4.0,0.0,2,4,Prison,both,Madera,State
Wasco,61,0,1,4,1,0.0,0.25,0.0,1.0,4.0,0.0,1,4,Prison,both,Kern,State
Kern_GSAnnex,84,0,4,5,4,0.0,0.8,0.0,1.0,0.0,0.0,4,5,Prison,both,Kern,State
Yuba,84,0,1,5,1,0.0,0.2,0.0,1.0,341.0,0.0,1,5,Jail,both,Yuba,County
LosAngeles_MensCentral,91,0,2,2,2,0.0,1.0,0.0,1.0,15858.0,258.0,2,2,Jail,both,Los Angeles,County
Mule Creek,73,0,1,1,1,0.0,1.0,0.0,1.0,4.0,0.0,1,1,Prison,both,Amador,State
NewFolsom,99,0,1,1,1,0.0,1.0,0.0,1.0,0.0,0.0,1,1,Prison,both,Sacramento,State
NewFolsom,110,0,2,6,2,0.0,0.3333333333333333,0.0,1.0,40.0,0.0,2,6,Prison,both,Sacramento,State
SantaClara_Elmwood,110,0,4,6,4,0.0,0.6666666666666666,0.0,1.0,20468.0,116.0,4,6,Jail,both,Santa Clara,County
Riverside_unspecified,77,0,36,36,36,0.0,1.0,0.0,1.0,18216.0,108.0,36,36,Jail,both,Riverside,County
SanBernadino_WestValley,93,0,4,4,4,0.0,1.0,0.0,1.0,8540.0,124.0,4,4,Jail,both,San Bernardino,County
SantaClara_Elmwood,100,0,8,13,8,0.0,0.6153846153846154,0.0,1.0,13080.0,96.0,8,13,Jail,both,Santa Clara,County
Ventura_Todd,100,0,4,13,4,0.0,0.3076923076923077,0.0,1.0,3356.0,20.0,4,13,Jail,both,Ventura,County
Yuba,100,0,1,13,1,0.0,0.0769230769230769,0.0,1.0,100.0,3.0,1,13,Jail,both,Yuba,County
SantaClara_Elmwood,103,0,4,12,4,0.0,0.3333333333333333,0.0,1.0,28900.0,40.0,4,12,Jail,both,Santa Clara,County
SantaClara_Main,103,0,4,12,4,0.0,0.3333333333333333,0.0,1.0,28900.0,40.0,4,12,Jail,both,Santa Clara,County
Ventura_Main,103,0,4,12,4,0.0,0.3333333333333333,0.0,1.0,17868.0,28.0,4,12,Jail,both,Ventura,County
Solano,31,0,1,1,1,0.0,1.0,0.0,1.0,0.0,0.0,1,1,Prison,both,Solano,State
Solano,41,0,1,2,1,0.0,0.5,0.0,1.0,0.0,0.0,1,2,Prison,both,Solano,State
Vacaville,41,0,1,2,1,0.0,0.5,0.0,1.0,0.0,0.0,1,2,Prison,both,Solano,State
Tulare_BobWiley,113,0,1,1,1,0.0,1.0,0.0,1.0,316.0,9.0,1,1,Jail,both,Tulare,County
Tulare_Main,104,0,4,5,4,0.0,0.8,0.0,1.0,6912.0,20.0,4,5,Jail,both,Tulare,County
Vacaville,104,0,1,5,1,0.0,0.2,0.0,1.0,1.0,0.0,1,5,Prison,both,Solano,State
Vacaville,79,0,1,1,1,0.0,1.0,0.0,1.0,0.0,0.0,1,1,Prison,both,Solano,State
Ventura_Main,102,0,4,4,4,0.0,1.0,0.0,1.0,6640.0,36.0,4,4,Jail,both,Ventura,County
Yuba,94,0,1,1,1,0.0,1.0,0.0,1.0,135.0,1.0,1,1,Jail,both,Yuba,County
