word,positive_count,negative_count,part_of_speech
get,214,1632,VB
got,131,1268,VBD
go,125,1198,VB
see,143,996,VB
come,108,959,VB
say,117,885,VB
take,129,853,VB
getting,99,808,VBG
said,58,727,VBD
tested,46,691,VBN
make,93,679,VB
started,48,679,VBN
give,80,676,VB
came,76,660,VBD
let,82,603,VB
went,42,597,VBD
keep,103,590,VB
trying,66,587,VBG
took,52,560,VBD
made,73,508,VBN
coming,54,469,VBG
taking,53,443,VBG
moved,30,438,VBN
done,50,426,VBN
seen,36,426,VBN
saying,29,423,VBG
infected,35,398,VBN
loved,83,398,VBN
believe,72,394,VB
allowed,32,365,VBN
locked,34,356,VBN
used,49,355,VBN
given,31,351,VBN
supposed,17,344,VBN
lost,74,344,VBN
received,63,337,VBN
called,47,333,VBN
testing,17,329,VBG
taken,39,328,VBN
incarcerated,62,321,VBN
giving,28,310,VBG
gave,38,305,VBD
working,53,304,VBG
quarantined,34,293,VBN
comes,30,291,VBZ
happened,28,291,VBD
wanted,33,290,VBD
find,57,284,VB
beginning,28,279,VBG
asked,29,277,VBN
distancing,16,276,VBG
making,27,275,VBG
moving,22,271,VBG
gets,26,264,VBZ
wearing,20,261,VBG
housed,14,261,VBN
died,31,258,VBD
writing,64,252,VBG
visiting,33,234,VBG
happen,30,229,VB
goes,42,228,VBZ
telling,24,227,VBG
leave,39,224,VB
vaccinated,37,223,VBN
talking,22,222,VBG
stopped,22,220,VBD
waiting,29,207,VBG
seems,21,206,VBZ
knowing,36,204,VBG
makes,37,198,VBZ
feeling,37,198,VBG
passed,28,193,VBN
using,20,191,VBG
happening,12,190,VBG
seeing,33,187,VBG
placed,21,185,VBN
dealing,28,182,VBG
takes,17,180,VBZ
run,22,177,VB
exposed,8,176,VBN
putting,11,175,VBG
bringing,15,175,VBG
allow,22,174,VB
ended,16,173,VBN
asking,23,170,VBG
thinking,40,169,VBG
coping,55,169,VBG
tried,13,167,VBN
needed,29,167,VBN
running,24,163,VBG
released,22,163,VBN
began,18,161,VBD
wrote,25,158,VBD
dying,20,156,VBG
scared,15,152,VBN
keeping,34,152,VBG
forced,11,151,VBN
looking,39,150,VBG
became,20,146,VBD
calling,14,145,VBG
changed,20,145,VBN
worked,17,143,VBN
letting,15,142,VBG
gone,19,141,VBN
offered,11,140,VBN
treated,15,140,VBN
sitting,11,139,VBG
remember,26,137,VB
says,13,136,VBZ
transferred,10,135,VBN
allowing,10,135,VBG
denied,8,134,VBD
catching,15,134,VBG
contracted,9,126,VBN
turned,19,125,VBD
spreading,15,122,VBG
refused,21,120,VBD
follow,11,119,VB
known,17,118,VBN
reduced,25,116,VBN
wants,13,114,VBZ
suffering,15,113,VBG
starting,15,111,VBG
receiving,19,106,VBG
provided,12,105,VBN
lose,8,105,VB
closed,10,104,VBD
watching,15,104,VBG
including,18,103,VBG
programming,14,103,VBG
helping,25,103,VBG
walking,6,102,VBG
following,8,101,VBG
gotta,10,100,VBD
sending,17,99,VBG
frustrating,5,96,VBG
seemed,17,96,VBD
serving,6,95,VBG
decided,20,95,VBD
helped,29,94,VBD
staying,22,92,VBG
buy,7,91,VB
based,12,90,VBN
opened,15,90,VBN
hoping,16,89,VBG
learned,26,89,VBN
talked,3,84,VBD
modified,10,83,VBN
filed,3,83,VBN
regarding,6,82,VBG
blessed,37,82,VBN
fighting,18,80,VBG
eating,11,80,VBG
looked,14,80,VBD
messed,3,80,VBN
slow,7,79,VB
arrived,9,79,VBN
gives,15,78,VBZ
listening,12,78,VBG
showing,14,77,VBG
filled,17,77,VBN
confined,9,77,VBN
removed,5,75,VBN
cleared,7,75,VBN
caused,24,74,VBN
holding,8,74,VBG
understanding,20,74,VBG
tired,11,74,VBN
created,11,73,VBN
speaking,5,73,VBG
sharing,9,73,VBG
handled,7,73,VBN
considered,2,72,VBN
leaving,16,72,VBG
setting,9,71,VBG
realize,14,70,VB
mentioned,10,70,VBN
failed,4,69,VBD
showed,6,69,VBD
sentenced,14,69,VBN
cancelled,6,68,VBN
punished,6,68,VBN
losing,12,67,VBG
stated,2,67,VBN
coughing,4,66,VBG
written,13,66,VBN
wondering,8,66,VBG
reaching,16,66,VBG
separated,10,65,VBN
issued,5,63,VBN
informed,8,63,VBN
reported,6,63,VBD
cleaned,6,63,VBN
caring,18,62,VBG
expect,10,62,VB
lived,20,60,VBD
involved,13,59,VBN
served,10,59,VBD
required,9,59,VBN
learning,13,58,VBG
realized,12,58,VBN
killed,6,58,VBN
handling,4,58,VBG
stressed,4,57,VBN
according,6,57,VBG
fell,5,56,VBD
underlying,12,56,VBG
transferring,2,56,VBG
pushing,8,55,VBG
consider,5,55,VB
suffered,7,54,VBD
checking,3,54,VBG
paying,8,53,VBG
noticed,9,53,VBN
diagnosed,3,51,VBN
playing,8,51,VBG
remove,6,51,VB
standing,8,51,VBG
providing,3,50,VBG
ignored,6,50,VBN
praying,17,50,VBG
refusing,6,49,VBG
complaining,3,49,VBG
committed,17,49,VBN
returned,3,49,VBN
experiencing,11,49,VBG
designed,5,48,VBN
washing,12,48,VBG
ordered,6,48,VBN
concerning,8,47,VBG
watched,8,47,VBN
affecting,4,47,VBG
depressing,10,47,VBG
contaminated,3,47,VBN
lying,3,47,VBG
changing,10,47,VBG
walked,6,46,VBD
quarantining,5,46,VBG
occurred,6,46,VBD
feeding,5,46,VBG
restricted,4,46,VBN
reduce,2,45,VB
finding,12,45,VBG
struggling,5,45,VBG
followed,9,44,VBD
overcrowded,1,44,VBN
arrested,9,44,VBN
mandated,2,44,VBN
contracting,4,44,VBG
impacted,5,44,VBN
added,8,44,VBD
witnessed,6,43,VBN
scheduled,6,43,VBN
pulled,3,43,VBD
becoming,8,43,VBG
missing,4,42,VBG
wellbeing,6,42,VBG
interesting,13,42,VBG
continues,4,42,VBZ
shared,18,42,VBN
confirmed,2,42,VBN
resolved,3,42,VBN
implemented,1,42,VBN
led,11,42,VBN
save,8,41,VB
overwhelming,7,41,VBG
holds,5,41,VBZ
causing,6,41,VBG
convicted,12,41,VBN
evening,5,41,VBG
releasing,2,41,VBG
considering,5,41,VBG
attempted,4,40,VBN
wanting,11,40,VBG
signed,3,40,VBN
exercising,9,39,VBG
located,3,39,VBN
recorded,0,38,VBN
figured,4,38,VBN
overcrowding,1,38,VBG
approved,5,38,VBN
hanging,1,37,VBG
focused,9,37,VBN
touching,6,37,VBG
forcing,3,37,VBG
reached,6,37,VBN
hundred,5,36,VBN
mixing,0,36,VBG
enforced,1,35,VBN
treating,5,35,VBG
designated,1,35,VBN
recovered,6,35,VBN
freezing,1,35,VBG
exposing,1,35,VBG
protected,3,34,VBN
stating,3,34,VBG
locking,4,34,VBG
infecting,0,34,VBG
breaking,4,34,VBG
enclosed,5,34,VBN
lasted,1,34,VBN
assigned,3,34,VBN
pen,8,34,VB
crying,7,33,VBG
hurting,3,33,VBG
dropped,7,33,VBD
creating,3,33,VBG
throwing,8,33,VBG
dining,2,33,VBG
sleeping,4,33,VBG
missed,6,32,VBN
requested,2,32,VBN
included,6,32,VBD
studying,10,32,VBG
granted,5,32,VBN
enforcing,1,32,VBG
wing,3,32,VBG
lifted,3,32,VBN
sanitize,3,31,VB
placing,6,31,VBG
fucking,1,31,VBG
managed,3,31,VBN
expose,1,31,VB
ensure,2,31,VB
growing,11,31,VBG
participate,7,31,VB
survived,3,31,VBN
confused,1,31,VBN
add,10,31,VB
worrying,5,30,VBG
posted,4,30,VBN
intended,2,30,VBN
ongoing,4,30,VBG
emptied,0,30,VBN
recording,3,30,VBG
compared,2,30,VBN
remaining,3,30,VBG
believed,5,30,VBN
kicked,2,30,VBN
protecting,5,29,VBG
threatened,5,29,VBN
knocked,2,29,VBN
sanitized,4,29,VBN
violated,1,29,VBN
covering,2,29,VBG
responded,1,29,VBD
delivered,3,29,VBN
turning,3,29,VBG
grew,7,29,VBD
picking,4,29,VBG
pushed,5,29,VBN
appreciated,12,29,VBN
covered,6,28,VBN
fixed,0,28,VBN
carrying,6,28,VBG
segregated,1,28,VBN
killing,7,28,VBG
touched,4,28,VBN
socalled,0,28,VBN
preexisting,2,28,VBG
stopping,1,28,VBG
separating,1,28,VBG
trapped,7,28,VBN
amazing,12,28,VBG
waited,2,28,VBD
expected,7,27,VBN
facing,11,27,VBG
finished,12,27,VBN
submitted,0,27,VBN
cutting,2,27,VBG
prevented,1,27,VBN
suspended,2,27,VBN
ged,4,27,VBN
paroled,1,27,VBN
subjected,0,27,VBN
handed,6,27,VBN
distanced,2,27,VBN
isolating,3,26,VBG
notified,1,26,VBN
faced,3,26,VBN
raised,13,26,VBN
crowded,3,26,VBN
rolled,0,26,VBN
trained,3,26,VBN
yelling,0,26,VBG
challenging,3,25,VBG
denying,1,25,VBG
appear,3,25,VB
cared,2,25,VBN
drawing,9,25,VBG
connected,8,25,VBN
charged,6,24,VBN
answered,2,24,VBN
complained,2,24,VBD
falling,4,24,VBG
increased,2,24,VBN
contacted,0,24,VBN
depending,1,24,VBG
arriving,0,24,VBG
seeking,8,24,VBG
shutting,3,24,VBG
pulling,1,23,VBG
interacting,3,23,VBG
entering,3,23,VBG
shuffled,2,23,VBN
answering,5,23,VBG
completed,4,23,VBN
frustrated,2,23,VBN
acting,1,23,VBG
issuing,2,23,VBG
stepped,5,23,VBD
kicking,1,22,VBG
shipped,2,22,VBN
named,8,22,VBN
shown,2,22,VBN
extended,5,22,VBN
attempting,3,22,VBG
escorted,1,22,VBN
rolling,2,22,VBG
backed,2,22,VBD
slammed,1,21,VBN
expressed,7,21,VBN
requesting,2,21,VBG
addressed,3,21,VBN
maintaining,3,21,VBG
remained,2,21,VBD
pending,2,21,VBG
appeared,4,21,VBD
saved,4,21,VBN
enrolled,4,21,VBN
disinfecting,2,21,VBG
pertaining,6,21,VBG
monitored,0,21,VBD
resulting,1,21,VBG
qualify,0,21,VB
admitted,3,20,VBN
sentencing,3,20,VBG
educated,2,20,VBN
instructed,0,20,VBN
begun,3,20,VBN
threatening,3,20,VBG
disinfected,4,20,VBN
pissed,0,20,VBN
violating,0,20,VBG
replaced,1,20,VBN
accepting,2,20,VBG
resulted,4,20,VBD
blamed,1,20,VBN
assaulted,1,20,VBN
practicing,3,20,VBG
screaming,1,20,VBG
washed,4,20,VBN
expecting,0,19,VBG
entered,3,19,VBN
hospitalized,3,19,VBN
promised,2,19,VBN
rehabilitated,1,19,VBN
processed,6,19,VBN
responding,0,19,VBG
obtain,6,19,VB
committing,1,19,VBG
opposed,1,19,VBN
apologize,4,19,VB
assume,2,19,VB
awaiting,4,19,VBG
troubling,3,19,VBG
tied,3,19,VBN
transporting,1,19,VBG
sneezing,2,18,VBG
stressing,3,18,VBG
afforded,1,18,VBD
apply,1,18,VB
occupied,3,18,VBN
rehoused,2,18,VBN
rising,1,18,VBG
collecting,5,18,VBG
applied,3,18,VBN
faces,4,18,VBZ
introduced,2,18,VBN
graduated,6,18,VBN
devastating,2,18,VBG
advised,2,18,VBN
continuing,3,18,VBG
excited,7,18,VBN
showering,0,18,VBG
surviving,5,18,VBG
celled,1,17,VBN
attached,1,17,VBN
explaining,5,17,VBG
canceled,1,17,VBN
equipped,0,17,VBN
blaming,0,17,VBG
sanitizing,4,17,VBG
slowed,4,17,VBD
supplied,2,17,VBN
shaking,4,17,VBG
searching,3,17,VBG
hitting,4,17,VBG
lied,1,17,VBN
relocated,0,17,VBN
published,6,17,VBN
sucked,2,17,VBN
recommended,3,17,VBN
encouraging,3,17,VBG
dated,2,16,VBN
switched,1,16,VBN
requires,3,16,VBZ
classified,0,16,VBN
improve,4,16,VB
tripping,2,16,VBG
replace,3,16,VB
spraying,1,16,VBG
combined,2,16,VBN
fucked,2,16,VBN
kidding,2,16,VBG
falsified,1,16,VBN
warning,6,16,VBG
terrified,7,16,VBN
distributed,3,16,VBN
struggled,3,16,VBN
appears,3,16,VBZ
failing,1,16,VBG
thanksgiving,4,16,VBG
shocked,2,16,VBN
alleged,0,16,VBN
saving,5,16,VBG
attending,5,16,VBG
encouraged,4,16,VBN
damaged,1,16,VBN
claiming,0,16,VBG
heartbreaking,4,15,VBG
recognize,1,15,VB
compromised,2,15,VBN
acted,2,15,VBN
believes,4,15,VBZ
participating,1,15,VBG
feared,2,15,VBN
believing,3,15,VBG
gained,1,15,VBN
preparing,1,15,VBG
stripped,2,15,VBD
dropping,1,15,VBG
surrounded,3,15,VBD
complicated,2,15,VBN
neglected,1,15,VBN
wasted,2,15,VBN
dismissed,4,15,VBN
handing,2,15,VBG
lacking,1,15,VBG
searched,4,15,VBN
provides,1,14,VBZ
realizing,0,14,VBG
acquired,0,14,VBN
directed,1,14,VBN
traveled,2,14,VBD
wished,2,14,VBN
rehabilitating,4,14,VBG
agreed,5,14,VBD
existed,1,14,VBN
requiring,0,14,VBG
minimize,1,14,VB
suggested,1,14,VBN
watered,3,14,VBD
recycled,1,14,VBN
qualified,4,14,VBN
shuffling,1,14,VBG
noted,1,14,VBN
administering,0,14,VBG
rushed,1,14,VBN
referred,2,14,VBN
confusing,5,14,VBG
stabbing,1,14,VBG
preventing,1,14,VBG
caged,2,14,VBN
communicating,1,14,VBG
associated,1,14,VBN
presented,2,14,VBN
pressing,0,14,VBG
shed,3,14,VBN
produced,3,14,VBN
earned,4,14,VBN
effected,2,14,VBN
certified,1,14,VBN
ending,4,13,VBG
returning,2,13,VBG
pointed,0,13,VBN
expired,0,13,VBD
loving,13,13,VBG
demanded,2,13,VBD
accustomed,4,13,VBN
disgusting,0,13,VBG
sounding,2,13,VBG
includes,1,13,VBZ
determined,4,13,VBN
establish,3,13,VB
spelling,0,13,VBG
sued,0,13,VBN
flooded,2,13,VBN
attended,5,13,VBD
compelled,1,13,VBN
visited,1,13,VBN
occurring,2,13,VBG
condemned,1,13,VBN
reducing,2,13,VBG
deemed,2,13,VBN
develop,4,13,VB
eaten,0,13,VB
messing,2,13,VBG
secluded,0,13,VBD
stacked,2,13,VBN
enjoyed,8,13,VBN
documented,1,13,VBN
surrounding,1,13,VBG
contacting,0,13,VBG
lasting,5,13,VBG
screening,1,13,VBG
explained,5,13,VBD
containing,0,12,VBG
laying,3,12,VBG
socialize,2,12,VB
labeled,3,12,VBN
sweating,0,12,VBG
attacking,3,12,VBG
endured,6,12,VBN
acknowledged,1,12,VBD
announced,4,12,VBD
registered,0,12,VBN
enduring,1,12,VBG
expressing,2,12,VBG
listed,1,12,VBN
wiped,1,12,VBD
discharged,0,12,VBN
revolving,0,12,VBG
guessing,3,12,VBG
lingering,1,12,VBG
disheartening,1,12,VBG
frightening,2,12,VBG
vomiting,0,12,VBG
booking,1,12,VBG
entitled,1,12,VBN
waking,1,12,VBG
stolen,1,12,VBN
adopted,1,12,VBN
retested,0,12,VBN
pursuing,3,12,VBG
referring,4,12,VBG
questioned,2,12,VBN
administered,3,12,VBN
headed,3,11,VBN
assuming,3,11,VBG
noninfected,0,11,VBN
questioning,2,11,VBG
permitted,1,11,VBN
leading,5,11,VBG
carries,1,11,VBZ
choosing,2,11,VBG
defeated,1,11,VBN
packing,0,11,VBG
raped,1,11,VBD
detected,1,11,VBN
bunked,2,11,VBN
endorsed,1,11,VBN
incoming,0,11,VBG
installed,1,11,VBN
existing,0,11,VBG
identify,3,11,VB
imagined,3,11,VBN
avoided,2,11,VBD
fired,2,11,VBN
adds,2,11,VBZ
booked,1,11,VBN
knocking,2,11,VBG
healing,3,11,VBG
crossed,2,11,VBN
conducting,0,11,VBG
exploded,0,11,VBD
panicking,1,11,VBG
consumed,1,11,VBN
begging,0,11,VBG
driving,0,10,VBG
donated,1,10,VBN
bothered,1,10,VBN
dragged,1,10,VBD
counted,0,10,VBN
escaping,0,10,VBG
evaluated,1,10,VBN
appointed,0,10,VBN
controlled,0,10,VBN
mailing,1,10,VBG
screened,0,10,VBN
medicated,1,10,VBN
wasting,0,10,VBG
transmitted,0,10,VBN
swabbing,2,10,VBG
printed,1,10,VBN
unsuspecting,0,10,VBG
rotating,0,10,VBG
wondered,2,10,VBD
identified,3,10,VBN
cried,2,10,VBN
diluted,0,10,VBN
damaging,1,10,VBG
inquiring,0,10,VBG
grabbing,0,10,VBG
worsened,1,10,VBN
approached,1,10,VBN
bothering,2,10,VBG
alarming,2,10,VBG
installing,1,10,VBG
yelled,1,10,VBN
focusing,5,10,VBG
upsetting,0,10,VBG
med,0,10,VBN
raining,1,10,VBG
suppressed,1,10,VBN
aforementioned,0,10,VBN
reacted,0,10,VBN
follows,4,10,VBZ
plagued,1,10,VBN
pointing,2,10,VBG
sealed,3,10,VBN
mishandled,1,10,VBN
paroling,0,10,VBG
accused,2,10,VBN
targeted,0,10,VBN
earning,1,10,VBG
volunteered,2,10,VBN
masking,0,9,VBG
infested,0,9,VBN
planned,2,9,VBN
devastated,2,9,VBN
shocking,3,9,VBG
comprised,0,9,VBN
removing,1,9,VBG
demanding,1,9,VBG
updated,0,9,VBN
liked,6,9,VBN
honored,2,9,VBN
sewing,0,9,VBG
ranking,0,9,VBG
transported,0,9,VBN
laughed,1,9,VBN
lacked,1,9,VBN
allotted,0,9,VBN
settle,1,9,VB
functioning,0,9,VBG
settled,0,9,VBN
charging,2,9,VBG
painted,0,9,VBN
abandoned,1,9,VBN
bouncing,1,9,VBG
winded,0,9,VBD
retaliated,1,9,VBN
selected,1,9,VBN
controlling,4,9,VBG
mailed,2,9,VBN
shoved,0,9,VBN
handwriting,1,9,VBG
practiced,0,9,VBN
posed,1,9,VBN
discovered,1,9,VBN
upcoming,3,9,VBG
flying,1,9,VBG
utilizing,1,9,VBG
starving,4,9,VBG
disappeared,0,9,VBD
investigated,1,9,VBN
filling,0,9,VBG
trusting,3,9,VBG
merced,0,9,VBN
bored,2,9,VBN
screwed,0,9,VBN
needing,4,9,VBG
contained,2,9,VBN
overlooked,0,9,VBN
motivated,5,9,VBN
abused,1,9,VBN
spoiled,3,9,VBN
adding,2,9,VBG
altered,2,9,VBN
fearing,0,9,VBG
imposed,2,9,VBN
laughing,1,9,VBG
sticking,0,9,VBG
redacted,3,9,VBN
complied,0,9,VBN
approve,0,9,VB
utilize,1,9,VB
sounded,3,9,VBD
landed,2,8,VBD
exhausted,4,8,VBN
carried,1,8,VBN
presenting,3,8,VBG
implementing,0,8,VBG
hed,2,8,VBN
embarrassing,1,8,VBG
traveling,2,8,VBG
adjusted,2,8,VBN
figuring,2,8,VBG
observing,0,8,VBG
manipulated,1,8,VBN
submitting,3,8,VBG
organize,1,8,VB
manufactured,0,8,VBD
harming,0,8,VBG
describing,1,8,VBG
outgoing,2,8,VBG
rose,2,8,VBD
discriminated,0,8,VBN
dedicated,2,8,VBN
drained,1,8,VBN
recognized,0,8,VBN
complying,0,8,VBG
postponed,3,8,VBN
appearing,2,8,VBG
terrifying,0,8,VBG
coloring,0,8,VBG
relating,0,8,VBG
communicated,0,8,VBN
expedited,1,8,VBN
ordering,0,8,VBG
deteriorated,0,8,VBN
teaching,4,8,VBG
resumed,0,8,VBD
improved,3,8,VBN
reminded,1,8,VBN
fatigued,0,8,VBN
tracing,0,8,VBG
postmarked,1,8,VBN
coupled,1,8,VBN
popping,1,8,VBG
hydrated,0,8,VBN
raising,1,8,VBG
abusing,0,8,VBG
racing,2,8,VBG
dehydrated,3,8,VBN
reflected,0,8,VBN
slacking,0,8,VBG
declined,2,8,VBD
retired,1,8,VBN
rejected,0,8,VBN
spitting,2,8,VBG
reinstated,0,8,VBN
recovering,0,8,VBG
lined,1,8,VBN
progressed,1,8,VBN
harassed,0,8,VBN
mingling,1,7,VBG
adapted,4,7,VBN
damned,0,7,VBN
managing,2,7,VBG
shackled,1,7,VBN
skyrocketing,0,7,VBG
sequestered,3,7,VBN
facilitated,2,7,VBN
repeated,0,7,VBN
vacated,0,7,VBN
achieving,0,7,VBG
aging,0,7,VBG
victimized,0,7,VBN
replied,0,7,VBD
punishing,0,7,VBG
disciplined,2,7,VBN
forgetting,1,7,VBG
disregarding,1,7,VBG
performed,1,7,VBN
murdered,0,7,VBN
supervised,0,7,VBN
purchased,0,7,VBN
assured,0,7,VBN
strained,0,7,VBN
enjoying,3,7,VBG
stealing,3,7,VBG
investigating,0,7,VBG
costing,0,7,VBG
disregarded,0,7,VBN
loaded,1,7,VBN
viewed,4,7,VBN
outdated,1,7,VBN
arguing,0,7,VBG
sweeping,0,7,VBG
lining,0,7,VBG
divided,4,7,VBN
slamming,0,7,VBG
completing,3,7,VBG
avoiding,0,7,VBG
hiring,1,7,VBG
crushing,1,7,VBG
observed,2,7,VBN
exploding,0,7,VBG
doubled,0,7,VBD
succeed,5,7,VB
selling,1,7,VBG
seized,0,7,VBN
corresponding,2,7,VBG
situated,0,7,VBN
shifting,0,7,VBG
schooling,2,7,VBG
studied,2,7,VBN
delaying,1,7,VBG
measured,0,7,VBN
collapsed,0,7,VBN
acquire,0,7,VB
freaking,3,7,VBG
disconnected,1,7,VBN
owns,0,7,VBZ
resorted,0,7,VBN
shooting,1,7,VBG
leaking,0,7,VBG
disrespected,0,7,VBN
amazed,3,7,VBN
mistreated,1,7,VBN
frightened,2,7,VBN
hacking,0,7,VBG
gathered,0,7,VBN
addressing,0,7,VBG
banning,0,7,VBG
tuned,2,7,VBN
neighboring,0,6,VBG
whining,0,6,VBG
enclosing,1,6,VBG
risking,0,6,VBG
noticing,0,6,VBG
scheduling,0,6,VBG
appealing,2,6,VBG
remembered,0,6,VBN
proceeded,0,6,VBD
inflicted,0,6,VBN
wicked,1,6,VBD
flashing,0,6,VBG
pooping,0,6,VBG
healed,2,6,VBN
weaponized,0,6,VBN
reversed,0,6,VBN
compacted,0,6,VBN
slipped,0,6,VBD
minimized,1,6,VBN
irritating,0,6,VBG
fixing,3,6,VBG
parenting,2,6,VBG
hired,0,6,VBN
ensued,0,6,VBN
deteriorating,0,6,VBG
reinfecting,0,6,VBG
attacked,2,6,VBN
encountered,4,6,VBN
indicated,1,6,VBN
covidrelated,2,6,VBN
approaching,0,6,VBG
swelled,0,6,VBD
annoying,0,6,VBG
penalized,0,6,VBN
injected,1,6,VBN
lawabiding,0,6,VBG
recalled,2,6,VBN
listened,0,6,VBN
baked,0,6,VBN
deprived,2,6,VBN
busted,0,6,VBN
greeting,3,6,VBG
floating,1,6,VBG
pouring,1,6,VBG
commented,2,6,VBN
minded,0,6,VBN
authorized,2,6,VBN
spreaded,0,6,VBD
tortured,1,6,VBN
swelling,0,6,VBG
protested,1,6,VBN
meditating,0,6,VBG
contaminating,0,6,VBG
consisted,2,6,VBN
defending,3,6,VBG
gasping,0,6,VBG
indicating,0,6,VBG
spacing,0,6,VBG
skipped,0,6,VBD
wheeled,2,6,VBD
suspected,0,6,VBN
gaining,2,6,VBG
limiting,1,6,VBG
cracked,0,6,VBN
trusted,4,6,VBN
imprisoned,1,6,VBN
assed,0,6,VBN
fallen,1,6,VBN
poisoning,1,6,VBG
interrupting,0,6,VBG
converted,0,6,VBN
cracking,1,6,VBG
escorting,2,6,VBG
harmed,0,6,VBN
summoned,0,6,VBN
rehousing,0,6,VBG
hoped,4,6,VBD
ensuring,1,6,VBG
showered,1,6,VBN
destroying,1,6,VBG
announcing,1,6,VBG
counseling,4,6,VBG
informing,4,6,VBG
reexposed,0,6,VBN
begged,1,6,VBN
prolonged,3,6,VBN
scrambled,0,6,VBN
resting,3,6,VBG
organized,1,6,VBN
detained,0,6,VBN
waived,0,6,VBN
discouraging,2,6,VBG
armed,4,6,VBN
contributed,0,6,VBD
rendered,0,6,VBN
testified,1,6,VBN
confiscated,0,5,VBN
assumed,0,5,VBN
sterilize,0,5,VB
compounded,2,5,VBN
owed,0,5,VBN
terminated,1,5,VBN
reflects,0,5,VBZ
ached,0,5,VBN
smothering,0,5,VBG
venting,1,5,VBG
protesting,2,5,VBG
speeding,0,5,VBG
biased,0,5,VBN
raided,0,5,VBN
sustained,1,5,VBN
combining,0,5,VBG
performing,1,5,VBG
downplaying,2,5,VBG
regulating,0,5,VBG
emailing,0,5,VBG
resentencing,1,5,VBG
classifying,0,5,VBG
declared,0,5,VBN
conferencing,0,5,VBG
distributing,0,5,VBG
grieving,2,5,VBG
behaved,1,5,VBN
solving,0,5,VBG
welded,0,5,VBD
rescheduled,0,5,VBN
advancing,0,5,VBG
stretched,2,5,VBN
mattered,0,5,VBN
owned,0,5,VBN
relying,0,5,VBG
doomed,1,5,VBN
desired,4,5,VBN
depended,1,5,VBN
mounting,0,5,VBG
appealed,0,5,VBD
integrating,0,5,VBG
associating,0,5,VBG
reasoning,0,5,VBG
tossed,0,5,VBN
conducted,1,5,VBN
prohibited,0,5,VBN
majoring,0,5,VBG
starved,0,5,VBN
wishing,3,5,VBG
godfearing,0,5,VBG
viewing,2,5,VBG
quoted,0,5,VBN
promoting,0,5,VBG
proved,0,5,VBN
projected,0,5,VBN
hugging,2,5,VBG
volunteering,0,5,VBG
secured,3,5,VBN
switching,0,5,VBG
abolished,1,5,VBN
displaying,0,5,VBG
perfected,0,5,VBN
voicing,0,5,VBG
flooding,0,5,VBG
burned,1,5,VBN
rotten,0,5,VB
hugged,0,5,VBN
ruled,1,5,VBN
transpired,0,5,VBN
geared,0,5,VBN
sing,5,5,VBG
aged,0,5,VBN
integrated,0,5,VBN
relieved,4,5,VBN
represents,0,5,VBZ
winning,0,5,VBG
aching,0,5,VBG
undergoing,0,5,VBG
pretending,0,5,VBG
ywing,1,5,VBG
accumulated,0,5,VBN
employed,0,5,VBN
heartwarming,2,5,VBG
obtained,2,5,VBN
generated,1,5,VBN
diminished,2,5,VBN
flawed,0,5,VBN
treasured,0,5,VBN
napping,1,5,VBG
formed,2,5,VBN
distracted,0,5,VBN
relocating,0,5,VBG
crocheting,0,5,VBG
errored,0,5,VBN
poking,0,5,VBG
anticipated,0,5,VBN
accessed,0,5,VBN
tracking,0,5,VBG
examined,0,5,VBN
restored,0,5,VBN
minimizing,0,5,VBG
inspiring,2,5,VBG
warehousing,0,5,VBG
reviewed,1,5,VBN
typing,1,5,VBG
disrupted,1,5,VBN
crosscontaminating,0,5,VBG
assisting,4,5,VBG
institutionalized,0,5,VBN
premised,0,5,VBN
remembering,3,5,VBG
inoculated,0,4,VBN
basing,2,4,VBG
tasting,0,4,VBG
awning,0,4,VBG
involving,0,4,VBG
creamed,0,4,VBN
smuggled,0,4,VBN
initiated,1,4,VBN
kindhearted,1,4,VBN
buried,1,4,VBN
furthering,0,4,VBG
canned,2,4,VBN
battled,0,4,VBN
blocking,0,4,VBG
fulfilling,0,4,VBG
skilled,0,4,VBN
stepping,2,4,VBG
evolving,1,4,VBG
horrifying,1,4,VBG
accounted,0,4,VBD
sniffling,0,4,VBG
excruciating,0,4,VBG
manifested,0,4,VBN
betting,0,4,VBG
excluded,0,4,VBN
alleviated,0,4,VBN
initiating,1,4,VBG
mindblowing,0,4,VBG
bullied,1,4,VBN
whispered,0,4,VBD
introducing,3,4,VBG
embarrassed,0,4,VBN
allocated,0,4,VBN
bounced,0,4,VBD
sharpen,1,4,VB
applying,0,4,VBG
surfaced,2,4,VBD
programing,2,4,VBG
slapped,0,4,VBD
gambling,1,4,VBG
swearing,0,4,VBG
oding,0,4,VBG
exchanged,1,4,VBN
murdering,0,4,VBG
weighed,1,4,VBN
established,3,4,VBN
victimizing,0,4,VBG
subjecting,0,4,VBG
executed,0,4,VBN
parked,0,4,VBN
stuffing,0,4,VBG
deformed,0,4,VBN
sewed,0,4,VBN
fingered,0,4,VBN
choking,0,4,VBG
crashing,0,4,VBG
identifying,0,4,VBG
chasing,1,4,VBG
solved,0,4,VBN
imaging,0,4,VBG
crushed,2,4,VBN
notifying,0,4,VBG
hated,1,4,VBN
joined,3,4,VBD
digging,0,4,VBG
aired,0,4,VBN
socializing,0,4,VBG
mentioning,0,4,VBG
ramping,0,4,VBG
structured,5,4,VBN
tripled,0,4,VBD
warranted,0,4,VBN
insisting,0,4,VBG
deceased,0,4,VBN
rotated,0,4,VBN
replacing,0,4,VBG
prompted,0,4,VBN
enhanced,0,4,VBN
agitated,1,4,VBN
stinging,0,4,VBG
acknowledging,2,4,VBG
torturing,0,4,VBG
ventilated,0,4,VBN
handwashing,0,4,VBG
squashed,0,4,VBN
enabled,2,4,VBN
flipped,0,4,VBD
sterilized,0,4,VBN
exploring,0,4,VBG
impacting,1,4,VBG
ignoring,0,4,VBG
insisted,0,4,VBN
wiping,0,4,VBG
emphasize,1,4,VB
banned,1,4,VBN
twisted,0,4,VBN
scratched,0,4,VBN
delivering,0,4,VBG
misrepresenting,0,4,VBG
guessed,0,4,VBN
hardboiled,0,4,VBN
inhaling,0,4,VBG
nondesignated,0,4,VBN
slated,1,4,VBN
decisionmaking,0,4,VBG
decontaminating,0,4,VBG
malnourished,1,4,VBN
lifting,2,4,VBG
erected,0,4,VBN
petting,0,4,VBG
confronted,0,4,VBN
stationed,0,4,VBN
gutted,0,4,VBN
respected,0,4,VBN
concentrating,0,4,VBG
guiding,2,4,VBG
congested,0,4,VBN
reserved,0,4,VBN
tiring,1,4,VBG
astounding,1,4,VBG
pumping,0,4,VBG
slowing,0,4,VBG
swing,2,4,VBG
plugged,1,4,VBN
strongminded,0,4,VBD
invited,0,4,VBN
punched,0,4,VBN
impending,0,4,VBG
uplifting,7,4,VBG
manipulating,0,4,VBG
gloved,0,4,VBN
nodding,0,4,VBG
thered,1,4,VBN
exhibiting,0,4,VBG
concluded,0,4,VBD
staring,2,4,VBG
vaccinating,1,4,VBG
slipping,2,4,VBG
relieving,0,4,VBG
proceeding,1,4,VBG
deciding,0,4,VBG
chuckled,0,4,VBN
inspired,6,4,VBN
empowering,0,4,VBG
ashamed,0,4,VBN
exciting,3,4,VBG
disobeying,0,4,VBG
restraining,2,4,VBG
pounding,0,4,VBG
inquired,0,4,VBN
misguided,0,4,VBN
dragging,1,4,VBG
engaged,1,4,VBN
warned,1,4,VBD
lighting,0,4,VBG
fitted,0,4,VBN
arresting,0,4,VBG
intoxicated,0,4,VBN
cremated,0,4,VBN
decreased,0,4,VBN
licking,0,4,VBG
canceling,0,4,VBG
pleading,0,4,VBG
texting,0,4,VBG
tasted,0,4,VBN
raping,0,4,VBG
extending,0,4,VBG
unsettling,0,4,VBG
petitioned,0,4,VBN
citing,0,4,VBG
shattered,2,4,VBN
recognizing,1,4,VBG
reflecting,0,4,VBG
cited,0,4,VBN
suggesting,0,4,VBG
decreasing,0,4,VBG
verified,0,4,VBN
singlecelled,2,4,VBN
targeting,0,4,VBG
recuperated,0,4,VBN
wheezing,1,4,VBG
shivering,0,4,VBG
standardized,0,4,VBN
pressuring,0,4,VBG
relaxing,0,4,VBG
costed,0,4,VBN
reopen,1,4,VB
promoted,0,4,VBN
devouring,0,4,VBG
borrowed,0,4,VBN
dressed,1,4,VBN
finishing,1,4,VBG
understaffing,0,4,VBG
obscured,0,4,VBN
smoked,1,4,VBN
anticipating,4,4,VBG
skyrocketed,0,4,VBN
magnified,0,4,VBN
spilling,0,4,VBG
unnerving,0,4,VBG
shortened,0,4,VBN
fooled,0,4,VBN
addicted,3,4,VBN
pressed,0,4,VBN
approving,0,4,VBG
grouping,0,4,VBG
exercised,0,4,VBN
flabbergasted,0,4,VBN
triggering,0,4,VBG
thanking,4,4,VBG
lifethreatening,0,4,VBG
evading,0,4,VBG
deserved,5,4,VBN
feigned,0,4,VBN
minding,0,4,VBG
stirring,0,4,VBG
assisted,1,4,VBN
partying,1,4,VBG
suspending,0,4,VBG
corrupted,0,4,VBN
regaining,0,4,VBG
beloved,0,3,VBN
flowing,0,3,VBG
broadcasted,1,3,VBN
grounded,0,3,VBN
amplified,0,3,VBN
defined,0,3,VBN
disposed,0,3,VBN
soar,0,3,VB
stretching,2,3,VBG
traumatized,1,3,VBN
disclose,0,3,VB
shutted,1,3,VBN
perished,0,3,VBN
originated,1,3,VBN
declining,0,3,VBG
sparing,2,3,VBG
titled,6,3,VBN
circulated,0,3,VBN
aggravated,0,3,VBN
dumbfounded,0,3,VBN
leveled,0,3,VBN
baffled,1,3,VBN
taxing,0,3,VBG
chattering,0,3,VBG
stamped,1,3,VBD
stemmed,0,3,VBD
humbled,1,3,VBN
discussed,0,3,VBN
cussed,0,3,VBN
stitched,0,3,VBN
founded,1,3,VBN
shaving,0,3,VBG
alerted,0,3,VBN
tampered,1,3,VBN
soaked,1,3,VBN
proving,2,3,VBG
comforted,3,3,VBN
obeying,1,3,VBG
effecting,0,3,VBG
leaked,0,3,VBN
experimented,0,3,VBN
alienated,0,3,VBN
hauled,0,3,VBN
sold,0,3,VBN
backlogged,0,3,VBN
reassigned,0,3,VBN
disappointing,1,3,VBG
layered,0,3,VBN
gambled,0,3,VBN
respecting,0,3,VBG
blocked,1,3,VBN
crossing,1,3,VBG
admitting,0,3,VBG
sterilizing,0,3,VBG
stocked,0,3,VBN
staffing,0,3,VBG
shorted,1,3,VBN
stockpiled,1,3,VBN
supervising,0,3,VBG
discussing,0,3,VBG
heading,1,3,VBG
weakened,0,3,VBN
heated,0,3,VBN
roofing,1,3,VBG
hearted,0,3,VBN
hating,0,3,VBG
sedated,0,3,VBN
transitioning,0,3,VBG
spaced,1,3,VBN
loading,0,3,VBG
remedied,0,3,VBN
intimidating,0,3,VBG
penalizing,0,3,VBG
hatred,2,3,VBN
rectify,0,3,VB
stemming,0,3,VBG
accusing,0,3,VBG
relied,1,3,VBN
shuttered,0,3,VBN
alerting,0,3,VBG
smiling,1,3,VBG
alcoholbased,0,3,VBN
sped,1,3,VBD
obligated,0,3,VBN
mongering,0,3,VBG
dislocated,0,3,VBN
transformed,1,3,VBN
calming,1,3,VBG
establishing,1,3,VBG
intimidated,0,3,VBN
perpetuating,0,3,VBG
riding,2,3,VBG
risked,1,3,VBN
shifted,1,3,VBN
obstructing,0,3,VBG
locallynothing,0,3,VBG
outcasted,0,3,VBN
opted,1,3,VBN
elevated,0,3,VBN
zwing,1,3,VBG
attributed,0,3,VBN
welcomed,5,3,VBD
agonizing,2,3,VBG
firefighting,1,3,VBG
developing,4,3,VBG
overpriced,1,3,VBN
disturbing,0,3,VBG
fing,0,3,VBG
pasteurized,0,3,VBN
chained,0,3,VBN
disappearing,0,3,VBG
raging,0,3,VBG
ranting,0,3,VBG
racking,0,3,VBG
gwing,1,3,VBG
discovering,1,3,VBG
chatting,0,3,VBG
weathered,2,3,VBD
drilled,2,3,VBN
cleansing,0,3,VBG
demonstrated,2,3,VBN
resigned,1,3,VBD
composed,0,3,VBN
shedding,2,3,VBG
compromising,0,3,VBG
proclaimed,0,3,VBN
justifying,2,3,VBG
downsize,0,3,VB
depleted,0,3,VBN
labored,0,3,VBN
chilled,1,3,VBN
rushing,2,3,VBG
dating,0,3,VBG
settling,1,3,VBG
funded,0,3,VBN
fulfilled,0,3,VBN
kidnapped,0,3,VBD
overburdened,0,3,VBN
saddening,3,3,VBG
dictated,0,3,VBN
straightened,0,3,VBN
automated,0,3,VBN
advising,0,3,VBG
uncaring,0,3,VBG
wronged,0,3,VBD
ticking,0,3,VBG
patting,0,3,VBG
renting,0,3,VBG
exhibited,0,3,VBN
discouraged,2,3,VBN
enlighten,2,3,VB
punching,0,3,VBG
stored,1,3,VBN
corrected,0,3,VBN
offending,0,3,VBG
forming,0,3,VBG
resisting,0,3,VBG
reinfected,0,3,VBN
enraged,0,3,VBN
falsifying,0,3,VBG
hardened,1,3,VBN
flushing,0,3,VBG
overbearing,0,3,VBG
policing,0,3,VBG
disconcerting,1,3,VBG
shunned,0,3,VBN
robbing,0,3,VBG
conversing,3,3,VBG
dismantled,1,3,VBN
proofing,0,3,VBG
voted,0,3,VBD
manned,0,3,VBN
fabricated,0,3,VBN
conditioned,2,3,VBN
activated,0,3,VBN
faring,1,3,VBG
administrating,0,3,VBG
reminding,0,3,VBG
traumatizing,2,3,VBG
refreshing,1,3,VBG
coexisting,0,3,VBG
ringing,0,3,VBG
harassing,0,3,VBG
recieved,1,3,VBN
eliminated,0,3,VBN
convinced,0,3,VBN
traced,0,3,VBD
waved,0,3,VBD
guaranteeing,0,3,VBG
investing,0,3,VBG
argued,0,3,VBD
posting,2,3,VBG
padded,0,3,VBN
revealing,0,3,VBG
representing,0,3,VBG
looting,1,3,VBG
administrated,0,3,VBN
outlined,0,3,VBN
salted,0,3,VBN
educating,1,3,VBG
prevailing,1,3,VBG
reviewing,0,3,VBG
rained,0,3,VBN
surpassed,0,3,VBN
stabilized,0,3,VBN
commandeered,0,3,VBN
portraying,0,3,VBG
empathize,0,3,VB
repeating,0,3,VBG
smelled,0,3,VBN
dehumanize,0,3,VB
mourning,0,3,VBG
summarize,1,3,VB
highlighted,0,3,VBN
graduating,2,3,VBG
fashioned,0,3,VBN
restocked,0,3,VBN
scanning,0,3,VBG
spewing,0,3,VBG
sheltered,0,3,VBN
orchestrated,1,3,VBN
sickening,2,3,VBG
bleached,0,3,VBN
recuperating,0,3,VBG
gifted,0,3,VBN
overloaded,0,3,VBN
supplying,1,3,VBG
governing,0,3,VBG
politicking,1,3,VBG
contributing,1,2,VBG
overflowing,1,2,VBG
fraternize,0,2,VB
ostracized,0,2,VBN
maskwearing,0,2,VBG
condoning,0,2,VBG
sniiling,0,2,VBG
circulating,1,2,VBG
upstanding,0,2,VBG
influenced,2,2,VBN
grinding,0,2,VBG
grieved,0,2,VBN
youduring,0,2,VBG
connecting,0,2,VBG
disgruntled,0,2,VBN
rented,0,2,VBN
redistributed,0,2,VBN
reexpose,0,2,VB
calculated,2,2,VBN
coldblooded,0,2,VBN
overreacting,0,2,VBG
debilitating,0,2,VBG
inducing,0,2,VBG
internalize,0,2,VB
nonaffected,0,2,VBN
evacuating,0,2,VBG
sympathize,0,2,VB
oscillating,0,2,VBG
equated,0,2,VBN
joining,1,2,VBG
trashed,0,2,VBN
shoveled,0,2,VBN
shellshocked,0,2,VBN
backdated,0,2,VBN
blinded,0,2,VBN
furthered,0,2,VBN
disrupting,0,2,VBG
30something,0,2,VBG
agreeing,0,2,VBG
scrubbing,0,2,VBG
discounted,0,2,VBN
transmitting,0,2,VBG
bunched,0,2,VBN
smashed,0,2,VBN
andcirculating,0,2,VBG
longstanding,0,2,VBG
acquainted,0,2,VBN
asskicking,0,2,VBG
consuming,2,2,VBG
ignited,0,2,VBN
50something,0,2,VBG
radiated,0,2,VBN
sacrificed,0,2,VBN
mainlining,2,2,VBG
walled,0,2,VBD
sorting,0,2,VBG
inciting,0,2,VBG
visualized,1,2,VBN
overlooking,1,2,VBG
faking,0,2,VBG
sighted,0,2,VBN
hunkered,0,2,VBN
emailed,0,2,VBN
airing,1,2,VBG
impose,0,2,VB
illegallyused,0,2,VBN
owning,0,2,VBG
resupplying,0,2,VBG
watering,0,2,VBG
brought/caused,0,2,VBN
prep/turning,0,2,VBG
shied,0,2,VBN
urged,0,2,VBD
incarcerated/subjugated,0,2,VBN
astonishing,0,2,VBG
overcooked,0,2,VBN
liking,2,2,VBG
harrowing,0,2,VBG
swooped,0,2,VBD
dried,1,2,VBN
hydrolyzed,0,2,VBN
logging,0,2,VBG
logged,0,2,VBN
predicted,2,2,VBN
producing,0,2,VBG
supersized,0,2,VBN
dodged,0,2,VBN
inflamed,0,2,VBN
draining,0,2,VBG
interpreted,0,2,VBN
forwarding,2,2,VBG
roaring,0,2,VBG
incarcerated/detained,0,2,VBN
entertained,0,2,VBN
sobbing,0,2,VBG
reeked,0,2,VBN
crawled,0,2,VBN
elected,0,2,VBN
redlined,0,2,VBN
capping,0,2,VBG
illed,0,2,VBN
reentered,0,2,VBN
whistling,0,2,VBG
whinysounding,0,2,VBG
boosting,0,2,VBG
regurgitating,0,2,VBG
apologized,0,2,VBN
terrorize,0,2,VB
boiling,2,2,VBG
overpacked,0,2,VBN
regrouping,0,2,VBG
cured,0,2,VBN
exempted,0,2,VBN
stashed,0,2,VBN
panhandling,0,2,VBG
compacting,0,2,VBG
sequencing,0,2,VBG
nailed,0,2,VBN
sting,2,2,VBG
courtordered,0,2,VBN
eluded,0,2,VBN
moaning,0,2,VBG
nurturing,0,2,VBG
intertwined,0,2,VBN
fined,0,2,VBN
fetched,0,2,VBN
cwing,0,2,VBG
awarded,0,2,VBN
ventilating,0,2,VBG
haunting,0,2,VBG
nitpicking,0,2,VBG
repolled,0,2,VBN
drafting,1,2,VBG
forthcoming,0,2,VBG
disfigured,0,2,VBN
eliminating,0,2,VBG
misinformed,0,2,VBN
warningwinded,0,2,VBD
alfred,0,2,VBN
whispering,0,2,VBG
cooled,0,2,VBN
inmaterelated,0,2,VBN
halted,0,2,VBN
proposed,1,2,VBN
objecting,0,2,VBG
medicallyinduced,1,2,VBN
intends,0,2,VBZ
deepcleaning,0,2,VBG
clinging,1,2,VBG
ac/heating,0,2,VBG
snatched,0,2,VBN
fractured,2,2,VBN
premeditated,0,2,VBN
mishandling,0,2,VBG
shouted,0,2,VBN
pronouncing,0,2,VBG
slaying,1,2,VBG
usurping,0,2,VBG
filtered,0,2,VBN
3000something,0,2,VBG
morphed,0,2,VBN
hampering,0,2,VBG
prevailed,0,2,VBN
burdened,1,2,VBN
reapproved,0,2,VBN
tormenting,0,2,VBG
ensuing,0,2,VBG
intermixing,0,2,VBG
freespirited,0,2,VBN
cheeking,0,2,VBG
functioned,0,2,VBN
piling,0,2,VBG
travelled,1,2,VBN
collected,1,2,VBN
rightthing,0,2,VBG
flagged,0,2,VBN
selfreported,0,2,VBN
exacerbated,0,2,VBN
incubated,0,2,VBN
drifted,0,2,VBN
commonthing,0,2,VBG
roping,0,2,VBG
harping,0,2,VBG
singing,1,2,VBG
cooperating,0,2,VBG
bled,1,2,VBN
overextended,0,2,VBN
rigging,0,2,VBG
depriving,1,2,VBG
recieving,0,2,VBG
tightening,0,2,VBG
dominating,0,2,VBG
scarred,0,2,VBN
sharpened,0,2,VBN
doubleedged,0,2,VBN
constituted,0,2,VBN
whisked,0,2,VBN
selecting,0,2,VBG
resolving,0,2,VBG
chased,1,2,VBN
fiveyearsentencing,0,2,VBG
aspiring,0,2,VBG
soared,0,2,VBD
preceding,0,2,VBG
excluding,0,2,VBG
aerosolbased,0,2,VBN
sneered,0,2,VBN
retrofitted,0,2,VBN
striked,0,2,VBN
dripping,2,2,VBG
mutating,0,2,VBG
nonapproved,0,2,VBN
selfreporting,0,2,VBG
consented,1,2,VBN
discolored,0,2,VBN
wellinformed,0,2,VBN
impairing,0,2,VBG
exceeding,0,2,VBG
positioned,0,2,VBN
toppled,0,2,VBN
waiving,1,2,VBG
calmed,2,2,VBN
outraged,0,2,VBN
upselling,0,2,VBG
hindered,1,2,VBN
wrecking,1,2,VBG
marching,0,2,VBG
huffing,0,2,VBG
diminishing,0,2,VBG
soldiering,0,2,VBG
weighing,0,2,VBG
reduced/cancelled,0,2,VBN
screamed,0,2,VBN
shortening,0,2,VBG
noncovidinfected,0,2,VBN
discarded,0,2,VBD
imkeeping,0,2,VBG
saddened,1,2,VBN
selfhypnotize,0,2,VB
spiraling,1,2,VBG
grappling,0,2,VBG
bounding,0,2,VBG
occupying,1,2,VBG
thinned,0,2,VBN
discombobulated,0,2,VBN
exhausting,1,2,VBG
experimenting,0,2,VBG
intercepted,0,2,VBN
recreated,0,2,VBN
accommodating,0,2,VBG
flowed,0,2,VBN
sheltering,0,2,VBG
screwing,0,2,VBG
preferred,1,2,VBN
shredded,0,2,VBN
outlining,0,2,VBG
bottled,0,2,VBN
vented,0,2,VBN
sided,0,2,VBD
shuttled,0,2,VBN
energized,0,2,VBN
mounted,0,2,VBN
winging,0,2,VBG
relinquishing,0,2,VBG
rehearsed,0,2,VBN
propagated,0,2,VBN
railing,0,2,VBG
nervewracking,0,2,VBG
printmaking,0,2,VBG
crowding,0,2,VBG
blurred,0,2,VBN
distressing,3,2,VBG
stereotyped,0,2,VBD
chiding,0,2,VBG
tempted,1,2,VBN
evenfollowing,0,2,VBG
transpiring,0,2,VBG
lashing,2,2,VBG
know`,0,2,VB
resided,0,2,VBN
outlived,0,2,VBN
antagonize,0,2,VB
mandating,0,2,VBG
lurking,2,2,VBG
launched,0,2,VBN
profiting,0,2,VBG
lightheaded,0,2,VBD
graded,2,2,VBN
sucking,0,2,VBG
slapping,0,2,VBG
emptying,0,2,VBG
dreading,0,2,VBG
represented,1,2,VBN
quoting,0,2,VBG
rearranged,0,2,VBN
severed,0,2,VBN
awakened,0,2,VBN
ridiculed,0,2,VBN
freaked,0,2,VBN
doubted,2,2,VBN
recirculating,0,2,VBG
acquitted,1,2,VBN
prepackaged,0,2,VBN
plantbased,0,2,VBN
splattered,0,2,VBN
nerveracking,0,2,VBG
piled,0,2,VBN
fueling,0,2,VBG
reclassify,0,2,VB
maximizing,0,2,VBG
familyoriented,0,2,VBN
tying,0,2,VBG
endorsing,0,2,VBG
segmented,0,2,VBN
voided,0,2,VBD
easing,0,2,VBG
relapsing,0,2,VBG
urinating,0,2,VBG
donning,0,2,VBG
vandalizing,1,2,VBG
sickened,0,2,VBN
rewarding,7,2,VBG
frisked,0,2,VBN
categorized,0,2,VBN
supported,1,2,VBN
implying,0,2,VBG
dumping,0,2,VBG
bombarded,0,2,VBD
confirming,0,2,VBG
decked,0,2,VBN
lingered,0,2,VBN
inserted,0,2,VBN
dispersed,0,2,VBN
combatting,0,2,VBG
owing,0,2,VBG
oldfashioned,0,2,VBN
likening,0,2,VBG
completelyinfected,0,2,VBN
wheezed,0,2,VBN
upping,0,2,VBG
smelling,0,2,VBG
stained,0,2,VBN
tucking,0,2,VBG
regressing,0,2,VBG
modeling,0,2,VBG
paged,0,2,VBN
interchanging,0,2,VBG
suited,0,2,VBN
attuned,2,2,VBN
pivoted,2,2,VBN
plotting,0,2,VBG
overcharged,0,2,VBN
congregated,0,2,VBN
adhering,0,2,VBG
migrated,0,2,VBN
scanned,1,2,VBN
skipping,0,2,VBG
authorize,0,2,VB
vetting,0,2,VBG
admonished,0,2,VBN
mashing,0,2,VBG
aiming,0,2,VBG
swapped,0,2,VBD
enabling,1,2,VBG
edited,0,2,VBN
770something,0,2,VBG
deserted,1,2,VBN
cleansed,0,2,VBN
acclimated,0,2,VBN
devoted,2,2,VBN
mistreating,0,2,VBG
snorted,0,2,VBN
varying,0,2,VBG
reopening,0,2,VBG
shaped,0,2,VBD
centralized,0,2,VBN
sliced,0,2,VBN
chaperoned,0,2,VBN
filmed,0,2,VBN
griefing,0,2,VBG
eased,1,2,VBN
lessened,1,2,VBN
sized,0,2,VBN
refined,0,2,VBN
rewashed,1,2,VBN
ranging,1,2,VBG
prisonergenerated,0,2,VBN
ravished,0,2,VBN
configured,0,2,VBN
muttering,0,2,VBG
roughed,0,2,VBN
ripping,1,2,VBG
tapping,0,2,VBG
stranded,0,2,VBD
residing,0,2,VBG
corralling,0,2,VBG
kissed,0,2,VBN
interconnected,0,2,VBN
offspring,1,2,VBG
botched,0,2,VBN
602ing,0,2,VBG
dehumanizing,1,2,VBG
intrigued,0,2,VBN
reissued,0,2,VBN
bagged,0,2,VBN
ragged,0,2,VBN
disheartened,1,2,VBN
mobility/hearing,0,2,VBG
striking,0,2,VBG
glued,0,2,VBN
muffled,0,2,VBN
keyboarding,0,2,VBG
socialized,0,2,VBN
derived,0,2,VBN
snilling,0,2,VBG
exercise/working,0,2,VBG
dialed,0,2,VBN
openbarred,0,2,VBN
redefined,0,2,VBD
scraping,0,2,VBG
comingling,0,2,VBG
strengthened,0,2,VBN
pinning,0,2,VBG
stacking,0,2,VBG
groping,0,2,VBG
plating,0,2,VBG
gratifying,0,2,VBG
sobered,1,2,VBN
scrutinized,0,2,VBN
lengthened,0,2,VBN
dormliving,0,2,VBG
succumbing,0,2,VBG
cheating,0,2,VBG
honoring,0,2,VBG
physical/socialdistancing,0,2,VBG
thinning,0,2,VBG
loosefitting,0,2,VBG
humanbeing,0,2,VBG
comprehending,0,2,VBG
ctecoding,0,2,VBG
smoothing,0,2,VBG
blackballed,0,2,VBN
oppressed,2,2,VBN
reelected,0,2,VBN
scratching,2,2,VBG
maintained,3,2,VBN
autographing,0,2,VBG
sodomized,0,2,VBN
instilled,1,2,VBN
herded,0,2,VBD
barring,0,2,VBG
endangering,0,2,VBG
heightened,0,2,VBN
lashed,0,2,VBN
exited,0,2,VBN
germed,0,2,VBN
seduced,0,2,VBN
rambling,0,2,VBG
instituted,0,2,VBN
vocalized,0,2,VBN
rewarded,0,2,VBN
priced,0,2,VBN
incorporated,0,2,VBN
enacted,1,2,VBN
engineered,0,2,VBN
reevaluated,0,2,VBN
wallmounted,0,2,VBN
timeconsuming,1,2,VBG
coursed,0,2,VBN
fouled,0,2,VBN
improving,0,2,VBG
advocating,1,2,VBG
inundated,0,2,VBN
interviewing,0,2,VBG
blasted,0,2,VBN
reendorsed,0,2,VBN
postponing,0,2,VBG
detached,0,2,VBN
hurted,0,2,VBN
humiliated,0,2,VBN
squared,2,2,VBN
refilled,0,2,VBN
shrugged,1,2,VBN
shred,0,2,VBN
freeing,0,2,VBG
perfumed,0,2,VBN
theyreexposing,0,2,VBG
wracking,0,2,VBG
depicting,1,2,VBG
curtailing,0,2,VBG
regulated,0,2,VBN
wandered,0,2,VBD
degrading,0,2,VBG
innerconnected,0,2,VBN
nearing,1,2,VBG
wellrested,1,2,VBN
invaded,0,2,VBN
flagging,0,2,VBG
oversentenced,0,2,VBN
enlarged,0,2,VBN
sealing,0,2,VBG
ruined,0,2,VBN
recorded],0,2,VBN
carted,0,2,VBN
enlightened,0,2,VBN
exaggerating,0,2,VBG
expanding,2,2,VBG
benefitted,0,2,VBN
ping,0,2,VBG
carved,0,2,VBN
mopping,0,2,VBG
dejected,0,2,VBN
pacified,0,2,VBN
overseeing,0,2,VBG
strapped,0,2,VBD
cobbled,0,2,VBN
leftwing,1,2,VBG
denounced,0,2,VBD
tolerated,0,2,VBN
haggling,0,2,VBG
inhabited,0,2,VBN
scorned,0,2,VBN
clustered,0,2,VBN
flitted,0,2,VBN
jailed,0,2,VBN
rejecting,0,2,VBG
evolved,0,2,VBN
facecovering,0,2,VBG
70something,0,2,VBG
heartening,0,2,VBG
aroused,0,2,VBN
awaited,1,2,VBN
pondering,2,2,VBG
memorized,0,2,VBN
clarifying,1,2,VBG
multitasking,0,2,VBG
snorting,0,2,VBG
silenced,1,2,VBN
battered,0,2,VBN
neglecting,0,2,VBG
scattered,2,2,VBN
ambulanced,0,2,VBN
conversating,0,2,VBG
overexaggerated,0,2,VBN
summing,0,2,VBG
overcoming,3,2,VBG
terrorized,1,2,VBN
sincerelyasked,1,2,VBN
highpowered,0,2,VBN
lifechanging,0,2,VBG
misappropriating,0,2,VBG
awakening,0,2,VBG
outbreaking,0,2,VBG
paralyzed,1,2,VBN
sustaining,0,2,VBG
peeled,0,2,VBN
defining,0,2,VBG
coding,2,2,VBG
kissing,0,2,VBG
collapsing,0,2,VBG
listined,0,2,VBN
consisting,0,2,VBG
creeping,0,2,VBG
incapacitated,0,2,VBN
120something,0,2,VBG
toughed,0,2,VBN
guarding,0,2,VBG
transfered,0,2,VBN
sodomizing,0,2,VBG
erased,0,2,VBN
operated,1,2,VBN
unbinding,0,2,VBG
halfmasked,0,2,VBN
deflating,0,2,VBG
serviced,0,2,VBN
recatching,0,2,VBG
increasing,1,2,VBG
shoving,0,2,VBG
courtappointed,0,2,VBN
muscled,0,2,VBN
chipping,0,2,VBG
perceived,0,2,VBN
validated,0,2,VBN
racked,0,2,VBN
healthrelated,0,2,VBN
sacred,2,2,VBN
proctored,0,2,VBN
floored,0,2,VBN
seated,0,2,VBN
hollering,0,2,VBG
congregating,0,2,VBG
overpopulated,0,2,VBN
accomplished,3,2,VBN
motivating,0,2,VBG
disconnecting,0,2,VBG
nonlifethreatening,0,2,VBG
spiced,0,2,VBN
shoplifting,0,2,VBG
paced,0,2,VBN
picketing,0,2,VBG
catered,0,2,VBN
expunged,0,2,VBN
openminded,3,2,VBN
spoiling,0,2,VBG
finalizing,0,2,VBG
vending,0,2,VBG
thriving,0,2,VBG
colored,0,2,VBN
wired,2,2,VBD
resented,0,2,VBN
civilized,0,2,VBN
divorcing,0,2,VBG
casting,0,2,VBG
tearing,0,2,VBG
gagged,0,2,VBN
thumping,0,2,VBG
safeguarding,0,2,VBG
bounded,1,2,VBN
lightening,0,2,VBG
partied,0,2,VBN
reprimanded,0,2,VBN
selfadmitted,0,2,VBN
securing,0,2,VBG
dispaced,0,2,VBN
farreaching,0,2,VBG
diseased,0,2,VBN
unleashing,0,2,VBG
presuming,0,2,VBG
regretting,0,2,VBG
coincided,0,2,VBN
ballooned,0,2,VBN
fifteenhundred,0,2,VBN
accelerated,0,2,VBN
selfsabotaging,0,2,VBG
pudding,0,2,VBG
gagging,0,2,VBG
handcrafted,0,2,VBN
exonerated,0,2,VBN
stared,1,2,VBN
loosened,0,2,VBN
plugging,0,2,VBG
hijacked,0,2,VBN
intermingling,0,2,VBG
furloughed,0,2,VBN
whooping,0,2,VBG
stocking,0,2,VBG
witnessing,2,2,VBG
spirituallyminded,0,2,VBD
mitigating,0,2,VBG
20something,0,2,VBG
bewildered,0,2,VBN
revealed,0,2,VBD
perpetrated,0,2,VBN
omitted,0,2,VBN
infringed,0,2,VBN
constricted,0,2,VBN
goodhearted,0,2,VBN
attracted,1,2,VBD
semimodified,0,2,VBN
abiding,1,2,VBG
itsweating,0,2,VBG
sputtering,0,2,VBG
lockdown/modified,0,2,VBN
icing,1,2,VBG
marking,0,2,VBG
provoked,0,2,VBN
opposing,0,2,VBG
sodomize,0,2,VB
impoverished,1,2,VBN
billed,0,2,VBN
unpacking,0,2,VBG
wringing,0,2,VBG
scraped,0,2,VBD
campaigning,0,2,VBG
analyzed,0,2,VBN
embarked,0,2,VBN
prepairing,0,2,VBG
disallowing,0,2,VBG
reactivated,0,2,VBN
persecuted,0,2,VBN
dispensing,0,2,VBG
predicated,0,2,VBN
deported,0,2,VBN
lowering,0,2,VBG
pertained,0,2,VBN
obtaining,1,2,VBG
rusted,0,2,VBN
generating,0,2,VBG
injecting,1,2,VBG
tampering,0,1,VBG
gated,3,1,VBN
excusing,0,1,VBG
deterring,0,1,VBG
illdefined,1,1,VBN
singled,1,1,VBN
clocking,0,1,VBG
abyssing,0,1,VBG
escaped,0,1,VBD
muchneeded,0,1,VBN
foregoing,0,1,VBG
detailing,0,1,VBG
regarded,0,1,VBN
adjusting,2,1,VBG
tending,0,1,VBG
moneymaking,0,1,VBG
wellpolished,0,1,VBN
profiteering,0,1,VBG
yearned,1,1,VBN
highranking,0,1,VBG
embedded,0,1,VBN
molested,0,1,VBN
fleeing,0,1,VBG
taunting,0,1,VBG
socked,0,1,VBN
beingreleased,0,1,VBN
smacking,0,1,VBG
dodging,0,1,VBG
paralyzing,0,1,VBG
demoralizing,0,1,VBG
wellpaying,0,1,VBG
balanced,0,1,VBN
immunocompromised,0,1,VBN
selfcleansing,0,1,VBG
whoactuallyhavebeenconfirmed,0,1,VBN
tolerating,0,1,VBG
relegating,1,1,VBG
gossiping,0,1,VBG
perplexing,0,1,VBG
retarded,0,1,VBD
accompanied,0,1,VBN
interfering,1,1,VBG
symbolizing,1,1,VBG
cornered,0,1,VBN
busting,0,1,VBG
displaced,0,1,VBN
brainwashed,0,1,VBN
clouding,0,1,VBG
leaded,0,1,VBD
executing,0,1,VBG
drenching,0,1,VBG
achieved,0,1,VBN
sharpening,0,1,VBG
balled,0,1,VBN
hopping,0,1,VBG
hardworking,1,1,VBG
reaffirmed,0,1,VBN
checkered,0,1,VBN
reunited,0,1,VBN
positiondying,0,1,VBG
composing,0,1,VBG
highfiving,0,1,VBG
adverting,0,1,VBG
killing</br>,1,1,VBG
partnered,0,1,VBN
evacuated,1,1,VBN
lopsided,0,1,VBD
renovating,0,1,VBG
redeemed,0,1,VBN
demeaning,0,1,VBG
quiting,0,1,VBG
keeled,0,1,VBN
cancelling,0,1,VBG
toured,0,1,VBN
kristen,1,1,VB
everymorning,0,1,VBG
andforcing,0,1,VBG
wandering,0,1,VBG
eradicating,0,1,VBG
reversetraced,0,1,VBN
mashed,0,1,VBN
dominated,0,1,VBN
moneylaundering,0,1,VBG
warped,1,1,VBD
loaned,0,1,VBN
clarified,0,1,VBN
kingsize,0,1,VB
curtailed,1,1,VBN
highpriced,0,1,VBN
charming,0,1,VBG
reeking,0,1,VBG
raving,0,1,VBG
conflicting,1,1,VBG
raged,0,1,VBN
framing,0,1,VBG
swindled,0,1,VBN
favoring,0,1,VBG
dissolved,0,1,VBN
weathering,0,1,VBG
dungeonbuilding,0,1,VBG
termed,0,1,VBN
intriguing,0,1,VBG
enriching,0,1,VBG
flied,0,1,VBN
dinged,0,1,VBN
teaming,0,1,VBG
exceeded,0,1,VBD
onlything,0,1,VBG
diluting,0,1,VBG
snapped,2,1,VBD
debased,0,1,VBN
disciplining,0,1,VBG
roasting,0,1,VBG
reassuring,2,1,VBG
sliding,0,1,VBG
confiding,0,1,VBG
distinguished,0,1,VBN
welding,0,1,VBG
godwilling,0,1,VBG
doctored,0,1,VBN
visitatiting,0,1,VBG
infected</br>,0,1,VBN
transforming,1,1,VBG
thrilled,0,1,VBN
taxpaying,0,1,VBG
postdated,0,1,VBN
recalculated,0,1,VBN
ruining,0,1,VBG
instigated,0,1,VBN
haunted,3,1,VBN
echowing,1,1,VBG
tackled,0,1,VBN
reported</br>,0,1,VBN
restarted,1,1,VBN
trembling,0,1,VBG
is—dealing,0,1,VBG
nonincarcerated,0,1,VBN
unifying,0,1,VBG
stumbled,0,1,VBN
ricocheted,0,1,VBN
hallucinating,0,1,VBG
ranted,0,1,VBN
dented,0,1,VBN
inflicting,0,1,VBG
selfmutilating,0,1,VBG
amounting,0,1,VBG
shusegregated,1,1,VBN
stigmatized,0,1,VBN
lost</br>,0,1,VBN
lightning,0,1,VBG
intending,0,1,VBG
foreclosed,0,1,VBN
abyything,0,1,VBG
reassured,1,1,VBN
demoralize,0,1,VB
implied,1,1,VBN
throbbing,0,1,VBG
emphasized,0,1,VBN
fwing,2,1,VBG
daunting,0,1,VBG
abducted,0,1,VBN
entwined,0,1,VBN
go[unintelligible],1,1,VB
reacquainted,0,1,VBN
stalked,2,1,VBN
recommending,0,1,VBG
[one],1,1,VB
congratulating,0,1,VBG
tiling,0,1,VBG
talented,0,1,VBN
fixated,1,1,VBN
kneeled,0,1,VBN
ridding,0,1,VBG
drowning,3,1,VBG
enchanted,0,1,VBN
merged,0,1,VBN
incarcerating,0,1,VBG
shaping,0,1,VBG
antagonizing,0,1,VBG
vacationing,0,1,VBG
orientated,0,1,VBN
illustrating,0,1,VBG
breached,1,1,VBN
narrowed,0,1,VBN
downloaded,0,1,VBN
lucked,0,1,VBN
mainlined,1,1,VBN
eyeopening,0,1,VBG
stipulated,0,1,VBN
recordsetting,1,1,VBG
reimbursed,1,1,VBN
used</br/></br/>,0,1,VBN
overthinking,0,1,VBG
stripping,0,1,VBG
misspelling,1,1,VBG
chilling,0,1,VBG
preexiting,0,1,VBG
conflicted,0,1,VBN
reusing,0,1,VBG
estranged,0,1,VBN
implanted,0,1,VBN
triggered,2,1,VBN
licenced,0,1,VBN
siting,0,1,VBG
piqued,2,1,VBN
surrendering,0,1,VBG
licensed,0,1,VBN
enlightening,1,1,VBG
disoriented,1,1,VBN
overheating,0,1,VBG
stinking,0,1,VBG
emitting,0,1,VBG
cultivated,1,1,VBN
summarized,0,1,VBN
gangrelated,0,1,VBN
shortcoming,0,1,VBG
flipping,0,1,VBG
acquiring,0,1,VBG
relinquished,0,1,VBN
characterized,0,1,VBN
reopened,0,1,VBN
prerecording,0,1,VBG
climbing,0,1,VBG
reconfirmed,0,1,VBN
enticing,0,1,VBG
referenced,0,1,VBN
shriveled,0,1,VBN
finalized,0,1,VBN
presumed,1,1,VBN
differentiating,0,1,VBG
matured,0,1,VBN
praised,1,1,VBN
adultaged,0,1,VBN
barked,0,1,VBN
seen</br></be>,0,1,VBN
fueled,2,1,VBD
misplacing,0,1,VBG
descending,0,1,VBG
weretested,0,1,VBN
enflamed,1,1,VBN
cursed,0,1,VBN
reclassified,0,1,VBN
correspondencebased,1,1,VBN
trialed,0,1,VBN
upbringing,3,1,VBG
resurrected,0,1,VBN
3dprinting,0,1,VBG
vomited,0,1,VBN
palmreading,0,1,VBG
nonprogramming,0,1,VBG
archived,1,1,VBN
caging,1,1,VBG
swabbling,0,1,VBG
donating,1,1,VBG
politicing,0,1,VBG
surfacing,0,1,VBG
retesting,0,1,VBG
scaring,0,1,VBG
unplugging,0,1,VBG
experience/suffering,0,1,VBG
riotincited,1,1,VBN
do</br>,1,1,VB
covidinfected,0,1,VBN
tuckered,0,1,VBN
prosecuted,0,1,VBN
shortlived,0,1,VBN
enlisted,0,1,VBN
dehumanized,0,1,VBN
searched/seized,0,1,VBN
persevered,1,1,VBN
soldiered,0,1,VBN
regretted,0,1,VBN
concealing,0,1,VBG
overbooking,0,1,VBG
paved,0,1,VBN
mediating,0,1,VBG
oiled,0,1,VBN
crosscontaminated,0,1,VBN
rehabilitized,0,1,VBN
sponsored,0,1,VBN
gestured,1,1,VBN
litigated,0,1,VBN
camouflaged,0,1,VBN
undermining,0,1,VBG
dusting,1,1,VBG
triaged,0,1,VBN
envying,0,1,VBG
reformed,0,1,VBN
projecting,0,1,VBG
saturated,0,1,VBN
smallminded,0,1,VBD
reasoned,0,1,VBN
muhammed,0,1,VBN
appreciating,0,1,VBG
unloading,0,1,VBG
regained,0,1,VBN
updating,0,1,VBG
discerning,0,1,VBG
escalating,1,1,VBG
vibrating,0,1,VBG
neverending,1,1,VBG
levitating,0,1,VBG
braced,0,1,VBN
chiseled,0,1,VBN
hardening,0,1,VBG
dividing,1,1,VBG
antiquated,1,1,VBN
disapproved,0,1,VBN
cornored,0,1,VBN
parting,0,1,VBG
enthroned,0,1,VBN
wrecked,0,1,VBD
onebuilding,0,1,VBG
occured,0,1,VBN
revisiting,1,1,VBG
doubleceiling,0,1,VBG
mutilated,0,1,VBN
concealed,2,1,VBN
funneling,0,1,VBG
interrupted,1,1,VBN
besmirched,0,1,VBN
forementioned,0,1,VBN
commandeering,0,1,VBG
sanctioned,0,1,VBN
truckdriving,0,1,VBG
perpetuated,0,1,VBN
determining,0,1,VBG
leaning,0,1,VBG
whittled,1,1,VBD
trafficking,0,1,VBG
adhered,0,1,VBN
epipen,0,1,VB
weaponizing,0,1,VBG
messaging,2,1,VBG
looming,0,1,VBG
warmed,0,1,VBN
blacked,1,1,VBN
bemused</br>,1,1,VBN
interacted,1,1,VBN
muchdeserved,1,1,VBN
ravaging,0,1,VBG
petrified,1,1,VBN
scolded,0,1,VBD
divorced,1,1,VBN
refried,1,1,VBN
fleeced,0,1,VBN
timed,0,1,VBN
mastered,0,1,VBN
me—considering,0,1,VBG
refuting,0,1,VBG
bummed,0,1,VBN
dictating,0,1,VBG
satisfying,0,1,VBG
lunched,0,1,VBN
openended,0,1,VBN
wiretaped,0,1,VBD
thwarted,1,1,VBN
misspelled,0,1,VBN
spewed,0,1,VBN
suppressing,0,1,VBG
crumbling,0,1,VBG
snared,0,1,VBN
repaying,1,1,VBG
hosed,1,1,VBN
revolutionize,0,1,VB
restricting,0,1,VBG
modifying,1,1,VBG
hitted,0,1,VBN
copied,0,1,VBN
homeschooling,1,1,VBG
vaccined,0,1,VBN
grinded,0,1,VBN
making/changing,0,1,VBG
fared,1,1,VBN
phishing,0,1,VBG
soundminded,0,1,VBD
furnishing,0,1,VBG
originating,0,1,VBG
holed,0,1,VBN
lightened,0,1,VBN
dosing,0,1,VBG
progressing,1,1,VBG
pocketing,0,1,VBG
succeeding,0,1,VBG
discontinued,0,1,VBN
recalling,0,1,VBG
afflicting,1,1,VBG
incentivizing,0,1,VBG
thought</br/></br/>,0,1,VBN
transpacing,1,1,VBG
imdoing,0,1,VBG
whinnied</br>,1,1,VBN
fullfledged,0,1,VBN
pitched,1,1,VBN
denying/restricting,0,1,VBG
customized,0,1,VBN
reformatted,0,1,VBN
songwriting,0,1,VBG
scrounging,0,1,VBG
disclosed,0,1,VBN
elaborated,0,1,VBN
dreaming,1,1,VBG
sparked,3,1,VBN
recanted,1,1,VBN
registering,0,1,VBG
honing,0,1,VBG
raffled,0,1,VBN
coauthored,0,1,VBN
quitting,0,1,VBG
bashed,0,1,VBN
preserved,1,1,VBN
strangled,0,1,VBN
sixhundred,0,1,VBN
specified,0,1,VBN
dwing,1,1,VBG
incarerated,0,1,VBN
massaging,1,1,VBG
referencing,1,1,VBG
selfserved,0,1,VBN
belonged,0,1,VBN
insulting,0,1,VBG
towing,1,1,VBG
invalidated,0,1,VBN
wrapped,1,1,VBD
hatefilled,0,1,VBN
extracting,0,1,VBG
proliferated,0,1,VBN
herding,0,1,VBG
downloading,0,1,VBG
snitched,1,1,VBN
auditing,0,1,VBG
possessed,1,1,VBN
skimmed,0,1,VBN
engaging,0,1,VBG
seating,1,1,VBG
assembled,0,1,VBN
parched,0,1,VBN
contested,0,1,VBN
prosecuting,0,1,VBG
rotting,0,1,VBG
unforgiving,0,1,VBG
rationalize,0,1,VB
elated,1,1,VBN
paving,1,1,VBG
whipped,0,1,VBD
doubling,0,1,VBG
excelled,0,1,VBN
tinged,0,1,VBN
infected/noninfected,0,1,VBN
rubbing,0,1,VBG
toggled,0,1,VBN
shining,0,1,VBG
fact/renting,0,1,VBG
strongwilled,0,1,VBN
squirting,0,1,VBG
underlining,0,1,VBG
tormented,1,1,VBN
dressing,1,1,VBG
hounding,0,1,VBG
harvested,0,1,VBN
comforting,2,1,VBG
sponsoring,0,1,VBG
introverted,0,1,VBN
harking,0,1,VBG
leaping,1,1,VBG
haveacted,1,1,VBN
tangled,0,1,VBN
antieverything,0,1,VBG
surcomed,0,1,VBN
extracted,0,1,VBN
vaporizing,0,1,VBG
dawning,0,1,VBG
ruminated,1,1,VBN
refrigerated,0,1,VBN
verifying,0,1,VBG
wellacquainted,0,1,VBN
onced,1,1,VBN
rattled,1,1,VBN
crawling,1,1,VBG
populated,0,1,VBN
kirsten,0,1,VB
wrapping,1,1,VBG
wreaking,0,1,VBG
valued,3,1,VBN
trespassing,0,1,VBG
herring,0,1,VBG
selfanalyzing,1,1,VBG
spooked,0,1,VBN
halfhearted,1,1,VBN
deciphered,0,1,VBN
spared,0,1,VBN
crippling,1,1,VBG
andcwereexposed,0,1,VBN
raiding,0,1,VBG
spiked,0,1,VBN
deprecating,0,1,VBG
pressured,1,1,VBN
assessed,0,1,VBN
permeated,0,1,VBN
thrashed,0,1,VBN
weakening,0,1,VBG
remanded,0,1,VBN
incorporating,1,1,VBG
helping/looking,0,1,VBG
worded,0,1,VBD
blessed/cursed,0,1,VBN
centered,1,1,VBN
overrated,0,1,VBN
compensated,0,1,VBN
drying,0,1,VBG
facilitating,0,1,VBG
enunciated,0,1,VBN
bared,0,1,VBN
spirited,0,1,VBN
demonizing,0,1,VBG
paging,0,1,VBG
assaulting,0,1,VBG
signifying,1,1,VBG
constructed,0,1,VBN
contemplating,1,1,VBG
incited,0,1,VBN
chiliflavored,1,1,VBN
adapting,1,1,VBG
slashed,0,1,VBD
amassing,0,1,VBG
guided,0,1,VBN
tossing,0,1,VBG
redirected,0,1,VBN
corralled,0,1,VBN
welcoming,0,1,VBG
swatted,0,1,VBN
exhilarated,0,1,VBN
advocated,0,1,VBN
editing,0,1,VBG
planted,0,1,VBN
halffaced,0,1,VBN
wounded,1,1,VBD
curved,0,1,VBN
reinforced,1,1,VBN
humbling,0,1,VBG
downsized,0,1,VBN
deleted,0,1,VBN
packaged,0,1,VBN
embossed,0,1,VBN
forwarded,2,1,VBN
whirling,0,1,VBG
preserving,2,1,VBG
flighted,0,1,VBN
succeeded,2,1,VBN
huddled,0,1,VBD
timeunbeknownced,0,1,VBN
desiring,1,1,VBG
xwing,1,1,VBG
swarming,0,1,VBG
heartwrenching,0,1,VBG
adverted,0,1,VBN
absorbing,0,1,VBG
researched,0,1,VBN
squeezed,0,1,VBN
repairing,1,1,VBG
favored,1,1,VBN
computeraided,0,1,VBN
striving,2,1,VBG
adopting,0,1,VBG
arraigned,0,1,VBN
craving,0,1,VBG
blossomed,2,1,VBN
fairing,0,1,VBG
risktaking,0,1,VBG
spinning,2,1,VBG
interjected,0,1,VBN
dwelling,0,1,VBG
cherishing,0,1,VBG
nondetected,0,1,VBN
silhouetted,0,1,VBN
relapsed,0,1,VBN
dazed,0,1,VBN
juxtaposed,0,1,VBN
evicted,0,1,VBN
prolonging,1,1,VBG
searched</br>,1,1,VBN
provoking,0,1,VBG
bailed,0,1,VBN
swinging,0,1,VBG
had</br>,0,1,VBD
balancing,1,1,VBG
thrilling,1,1,VBG
altering,2,1,VBG
mitigated,0,1,VBN
fried,1,1,VBN
conquering,0,1,VBG
confessed,0,1,VBN
housekeeping,0,1,VBG
sibling,0,1,VBG
replicated,0,1,VBN
retained,0,1,VBN
cased,0,1,VBN
selfmutiliated,0,1,VBN
emphasizing,0,1,VBG
immigrating,0,1,VBG
fullsize,1,1,VB
nearsighted,0,1,VBN
daydreaming,0,1,VBG
deterred,0,1,VBN
oriented,1,1,VBN
abbreviated,0,1,VBN
marrying,0,1,VBG
refrained,0,1,VBN
disassociating,0,1,VBG
think</br>,0,1,VB
downed,0,1,VBN
indicted,0,1,VBN
downsizing,0,1,VBG
rescripting,0,1,VBG
commended,0,1,VBN
offended,1,1,VBN
mistaking],0,1,VBG
entrusted,1,1,VBN
strengthening,0,1,VBG
rectified,0,1,VBN
serviceconnected,0,1,VBN
rationalized,0,1,VBN
soiled,0,1,VBN
fingerprinting,0,1,VBG
indulged,0,1,VBN
forged,0,1,VBN
disculpen,0,1,VB
entertaining,0,1,VBG
littering,0,1,VBG
imported,0,1,VBN
diverted,1,1,VBN
criticize,0,1,VB
abyssed,0,1,VBN
phoned,0,1,VBN
wording,1,1,VBG
procrastinating,0,1,VBG
rave,0,1,VB
obsessed,0,1,VBN
teargassed,0,1,VBN
overbooked,0,1,VBN
ingrained,0,1,VBN
carjacking,1,1,VBG
popped</br></br>,0,1,VBN
abolishing,0,1,VBG
scar/pierced,1,1,VBN
lawyering,0,1,VBG
unrelenting,2,1,VBG
staged,0,1,VBD
protruding,0,1,VBG
dismaying,1,1,VBG
pricking,1,1,VBG
snotted,0,1,VBN
gravitating,1,1,VBG
worsening,0,1,VBG
inherited,1,1,VBN
personified,1,1,VBN
procured,0,1,VBN
castrated,0,1,VBN
barred,2,1,VBN
snarled,0,1,VBN
industrialized,0,1,VBN
teared,0,1,VBN
striped,0,1,VBD
euthanized,1,1,VBN
customizing,0,1,VBG
sedating,0,1,VBG
dislodged,0,1,VBN
suing,0,1,VBG
researching,0,1,VBG
arming,0,1,VBG
wellreceived,0,1,VBN
wellearned,1,1,VBN
dissolving,0,1,VBG
imitated,0,1,VBN
attaching,0,1,VBG
covid19related,0,1,VBN
loosing,0,1,VBG
rekindled,0,1,VBN
merging,0,1,VBG
watchingwatching,0,1,VBG
poured,1,1,VBN
urging,0,1,VBG
storing,0,1,VBG
graced,1,0,VBN
patted,1,0,VBN
selfforged,1,0,VBN
cellliving,1,0,VBG
amputated,1,0,VBN
whooped,2,0,VBD
heading/leading,1,0,VBG
rereading,1,0,VBG
uniting,2,0,VBG
tilted,1,0,VBN
accommodated,1,0,VBN
pleaded,2,0,VBD
engrained,1,0,VBN
trapping,1,0,VBG
overruled,1,0,VBN
circled,1,0,VBN
streamed,1,0,VBD
arising,1,0,VBG
pained,2,0,VBN
warming,1,0,VBG
landing,2,0,VBG
benefited,1,0,VBN
camping,2,0,VBG
writhing,1,0,VBG
deserving,1,0,VBG
seen/worked,1,0,VBN
participated,1,0,VBD
drugliving,2,0,VBG
supplemented,1,0,VBN
distorted,1,0,VBN
selfcentered,2,0,VBN
ceased,1,0,VBN
linked,1,0,VBN
smiled,1,0,VBN
seasoned,1,0,VBN
attracting,1,0,VBG
tired</br>,1,0,VBN
emptyhanded,1,0,VBN
dignified,1,0,VBN
unpromising,1,0,VBG
devasting,1,0,VBG
consulting,1,0,VBG
invested,1,0,VBN
tended,1,0,VBD
crowbarred,1,0,VBN
sells,1,0,VBZ
rooting,1,0,VBG
disenfranchised,1,0,VBN
scattering,2,0,VBG
rescued/released,1,0,VBN
molesting,1,0,VBG
prayered,1,0,VBN
slurped,1,0,VBD
surfing,2,0,VBG
spelled,1,0,VBN
cooperated,2,0,VBN
assuring,1,0,VBG
shined,2,0,VBN
emerged,1,0,VBD
overpowering,1,0,VBG
stewarding,2,0,VBG
grinding</br>,1,0,VBG
astonished,1,0,VBN
voting</br>,1,0,VBG
stumbling,1,0,VBG
puking,1,0,VBG
rehabilitize,2,0,VB
exceled,1,0,VBN
conferred,1,0,VBN
humiliating,2,0,VBG
reestablished,2,0,VBN
mowed,1,0,VBN
expressionhiding,1,0,VBG
rugged,1,0,VBN
condemning,1,0,VBG
internetbased,1,0,VBN
tagged,1,0,VBN
travelling,1,0,VBG
leasing,1,0,VBG
restoring,1,0,VBG
disinhibiting,1,0,VBG
nicknamed,1,0,VBN
coordinating,1,0,VBG
flattering,1,0,VBG
seducing,1,0,VBG
fished,1,0,VBN
padding,1,0,VBG
accursed,1,0,VBN
struggled</br>,1,0,VBN
familys/loved,2,0,VBN
boarded,1,0,VBN
coaxing,1,0,VBG
ditching,1,0,VBG
guarded,1,0,VBN
grooming,1,0,VBG
emanating,1,0,VBG
sufficed,1,0,VBN
governed,1,0,VBN
venturing,1,0,VBG
conjured,1,0,VBN
imploring,1,0,VBG
mediumsized,1,0,VBN
wholehearted,1,0,VBN
laced,1,0,VBN
recurring,2,0,VBG
uncovering,1,0,VBG
collaborated,2,0,VBN
chopping,1,0,VBG
pondered,1,0,VBN
dolled,1,0,VBN
betterbehaved,1,0,VBN
rocketed,1,0,VBN
exploited,2,0,VBN
staggered,1,0,VBN
gazed,1,0,VBN
refereeing,1,0,VBG
apprehended,1,0,VBD
defeating,1,0,VBG
awarding,1,0,VBG
multitalented,1,0,VBN
conversated,2,0,VBN
recharged,2,0,VBN
inciting</br>,1,0,VBG
fusing,2,0,VBG
analyzing,1,0,VBG
clogged,2,0,VBN
resentenced,1,0,VBN
melded,1,0,VBN
multitalented<br/><br/>,1,0,VBN
interspersed,1,0,VBN
leaned,1,0,VBN
asserted,2,0,VBN
yuengling,1,0,VBG
mobilized,1,0,VBN
rewriting,2,0,VBG
wellestablished,1,0,VBN
harboring,1,0,VBG
veiled,1,0,VBN
objected,1,0,VBN
inviting,1,0,VBG
conceived,1,0,VBN
reinitiated,1,0,VBN
idolize,1,0,VB
caretaking,1,0,VBG
longlasting,2,0,VBG
transcribing,1,0,VBG
videoconferencing,1,0,VBG
partaking,1,0,VBG
emerging,1,0,VBG
kickboxing,1,0,VBG
speeded,1,0,VBD
reiterated,1,0,VBN
rooted,2,0,VBN
gangbanging,1,0,VBG
subsided,1,0,VBD
encamping,1,0,VBG
devoting,1,0,VBG
abled,1,0,VBN
astounded,2,0,VBD
matureminded,1,0,VBN
rised,4,0,VBN
peeking,1,0,VBG
stoned,1,0,VBN
cheering,2,0,VBG
boneheaded,1,0,VBN
wrinkled,1,0,VBD
blanketed,1,0,VBN
penetrated,1,0,VBN
revolved,1,0,VBN
commuted,1,0,VBN
fencing</br>,1,0,VBG
dreamed,2,0,VBN
tainted,1,0,VBN
misleading,2,0,VBG
celebrating,1,0,VBG
kindred,1,0,VBN
riddled,1,0,VBD
mistaking,1,0,VBG
soulsearching,1,0,VBG
forwardthinking,1,0,VBG
supporting,1,0,VBG
rose</br>,1,0,VBD
chatted,1,0,VBN
