prison_name,file_name,date,tags
Alameda_SantaRita,Alameda_SantaRita_20211208_13170_FULL,20211208,['']
Alameda_SantaRita,Alameda_SantaRita_20211208_79927_FULL,20211208,['']
Alameda_SantaRita,Alameda_SantaRita_20211117_77131_FULL,20211117,['']
Alameda_SantaRita,Alameda_SantaRita_20211104_17377_FULL,20211104,['']
Alameda_SantaRita,Alameda_SantaRita_20211112_94071_FULL,20211112,['']
Alameda_SantaRita,Alameda_SantaRita_20210505_708_FULL,20210505,['']
Alameda_SantaRita,Alameda_SantaRita_20220113_78977_FULL,20220113,['']
Alameda_SantaRita,Alameda_SantaRita_20220225_68847_FULL,20220225,['']
Alameda_SantaRita,Alameda_SantaRita_20220225_43871_FULL,20220225,['']
Amador_Main,Amador_Main_20210914_87709_FULL,20210914,['']
Amador_Main,Amador_Main_20210831_95905_FULL,20210831,['']
Avenal,Avenal_20201030_7_01_FULL,20201030,['']
Avenal,Avenal_20201105_07_12_FULL,20201105,['']
Avenal,Avenal_20201105_08_11_FULL,20201105,['']
Avenal,Avenal_20201105_0830_FULL,20201105,['']
Avenal,Avenal_20201106_623_FULL,20201106,['']
Avenal,Avenal_20201110_08_13_FULL,20201110,['']
Avenal,Avenal_20201110_7_51_FULL,20201110,['']
Avenal,Avenal_20201113_7_18_FULL,20201113,['']
Avenal,Avenal_20210317_8_31_Full,20210317,['']
Avenal,Avenal_20210326_6_51_FULL,20210326,['']
Avenal,Avenal_20210518_5_22_FULL_Infection_PrisonConditions_Stress,20210518,"['Infection', ' Prison Conditions', ' Stress']"
Avenal,Avenal_20210916_71906_P1_FULL,20210916,['']
Avenal,Avenal_20210916_71906_P2_FULL,20210916,['']
Avenal,Avenal_20210916_71906_P3_FULL,20210916,['']
Butte_Main,Butte_Main_20220105_59841_FULL,20220105,['']
Butte_Main,Butte_Main_20220105_13697_FULL,20220105,['']
CaliforniaCity,CaliforniaCity_20210604_821_FULL_Programs_Infection,20210604,"['Programs', ' Infection']"
CaliforniaCity,CaliforniaCity_20210609_844_FULL,20210609,['']
CaliforniaCity,CaliforniaCity_20210617_624_FULL,20210617,['']
CaliforniaCity,CaliforniaCity_20210617_714_FULL,20210617,['']
CaliforniaCity,CaliforniaCity_20210426_816_Full_ProgramsFamily,20210426,"['Programs', ' Family']"
Calipatria,Calipatria_20210122_06_48_FULL,20210122,['']
Calipatria,Calipatria_20210217_07_39_FULL,20210217,['']
Calipatria,Calipatria_20210222_3_32_FULL_PrisonConditions,20210222,"['Prison Conditions', ' Program', ' Stress']"
Calipatria,Calipatria_20210124_314_Full,20210124,['']
Calipatria,Calipatria_20210125_313_Full,20210125,['']
Calipatria,Calipatria_20210127_335_Full,20210127,['']
Calipatria,Calipatria_20210129_309_FULL_Infection_Stress,20210129,['Family']
Calipatria,Calipatria_20210129_369_FULL_PrisonConditions_Stress,20210129,"['Prison Conditions', ' Stress']"
Calipatria,Calipatria_20210201_374_FULL_Infection,20210201,"['Infection', ' Prison Conditions']"
Calipatria,Calipatria_20210201_376_FULL_Family_Programs,20210201,"['Family', ' Programs']"
Calipatria,Calipatria_20210203_383_FULL,20210203,['']
Calipatria,Calipatria_20210203_384_FULL_Stress,20210203,['Stress']
Calipatria,Calipatria_20210204_378_FULL_Infections_PrisonConditions_StressandCoping,20210204,"['Infection', ' Prison Conditions', ' Stress']"
Calipatria,Calipatria_20210205_387_FULL,20210205,"['Infection', ' Stress']"
Calipatria,Calipatria_20210205_389a_FULL,20210205,"['Prison Conditions', ' Family']"
Calipatria,Calipatria_20210205_389b_FULL,20210205,"['Prison Conditions', ' Family', ' Stress']"
Calipatria,Calipatria_20210205_390_FULL_PrisonConditions,20210205,['Prison Conditions']
Calipatria,Calipatria_20210208_350_Full_Infection_Family,20210208,"['Infection', ' Family']"
Calipatria,Calipatria_20210210_360_FULL,20210210,['']
Calipatria,Calipatria_20210211_445_FULL_Infections_Programs_Prison Conditions,20210211,"['Infection', ' Program', ' Prison Conditions']"
Calipatria,Calipatria_20210222_458_FULL_Infection_PrisonConditions,20210222,"['Infection', ' Prison Conditions']"
Calipatria,Calipatria_20210312_658_Full,20210312,['']
Calipatria,Calipatria_20210316_553 _FULL_Infection_Programs_Prison Conditions,20210316,"['Infection', ' Programs', ' Prison Conditions']"
Calipatria,Calipatria_20210323_644_Full,20210323,['']
Calipatria,Calipatria_20210329_598_Full,20210329,['']
Calipatria,Calipatria_20210401_605_Full,20210401,['']
Calipatria,Calipatria_20210406_964_FULL,20210406,['']
Calipatria,Calipatria_ 20210208_351_FULL,20210208,['']
Centinela,Centinela_20210121_05_38_FULL,20210121,['']
Centinela,Centinela_20210412_57555_FULL,20210412,['']
Centinela,Centinela_20210420_705_Full,20210420,['']
Centinela,Centinela_20201123_070_FULL,20201123,"['Family', ' Stress', ' Prison Conditions']"
Centinela,Centinela_20201204_82_PrisonConditions,20201204,['Prison Conditions']
Centinela,Centinela_20210223_452_Full,20210223,['']
Centinela,Centinela_20210331_615_FULL,20210331,['']
Chino,Chino_20201211_0615_FULL,20201211,['']
Chino,Chino_20201208_05_53_FULL,20201208,['']
Chino,Chino_20201209_05_35_FULL_PrisonConditions,20201209,['Prison Conditions']
Chino,Chino_20201216_06_02_FULL,20201216,['']
Chino,Chino_20220204_15904_FULL,20220204,['']
Chino,Chino_20220204_68596_FULL,20220204,['']
Chino,Chino_20220204_45125_FULL,20220204,['']
Chino,Chino_20220204_94412_FULL,20220204,['']
Chino,Chino_20220204_43800_FULL,20220204,['']
Chino,Chino_20200430_72_FULL,20200430,['']
Chino,Chino_20200828_136_FULL,20200828,['']
Chino,Chino_20201130_074_FULL,20201130,"['Prison Conditions', ' Infection', ' Stress']"
Chino,Chino_20201130_97_Infection,20201130,"['Infection', ' Prison Conditions', ' Stress']"
Chino,Chino_20201201_103_FULL,20201201,['']
Chino,Chino_20201201_104_FULL,20201201,['']
Chino,Chino_20201205_92_Full,20201205,['']
Chino,Chino_20201209_139_FullPrograms,20201209,['Programs']
Chino,Chino_20201213_137_Full_Infection_Stress,20201213,"['Infection', ' Stress']"
Chino,Chino_20201214_138_Full_Programs_PrisonConditions,20201214,"['Program', ' Prison Conditions']"
Chino,Chino_20201214_140_Full,20201214,['']
Chino,Chino_20201218_174_FULL,20201218,"['Prison Conditions', ' Stress']"
Chino,Chino_20201218_206_Full,20201218,['Prison Conditions']
Chino,Chino_20201223_207_FULL,20201223,['']
Chino,Chino_20201223_208_Full,20201223,"['Family', ' Stress', ' Prison Conditions']"
Chino,Chino_20201223_209_FULL,20201223,['']
Chino,Chino_20201228_178_FULL_PrisonConditions_Infection,20201228,"['Prison Conditions', ' Infection']"
Chino,Chino_20201231_186_FULL,20201231,['']
Chino,Chino_20201231_201_Full,20201231,['']
Chino,Chino_20210106_249_Full,20210106,['Family']
Chino,Chino_20210312_659_FULL_PrisonConditions_Stress,20210312,"['Prison Conditions', ' Stress', ' Featured']"
Chowchilla,Chowchilla_20210326_801_FULL,20210326,['']
Chowchilla,Chowchilla_20210913_92441_FULL,20210913,['']
Chowchilla,Chowchilla_20201123_069_FULL,20201123,"['Prison Conditions', ' Programs', ' Family']"
Chowchilla,Chowchilla_20201124_062_FULL,20201124,['']
Chowchilla,Chowchilla_20201204_84_FULL,20201204,"['Stress', ' Prison Conditions']"
Chowchilla,Chowchilla_20201207_128_FULL,20201207,"['Stress', ' Prison Conditions', ' Family']"
Chowchilla,Chowchilla_20201208_117_FULL,20201208,['Infection']
Chowchilla,Chowchilla_20201209_118_FULL,20201209,"['Infection', ' Prison Conditions', ' Stress']"
Chowchilla,Chowchilla_20201209_121_FULL_Family_PrisonConditions,20201209,"['Family', ' Prison Conditions']"
Chowchilla,Chowchilla_20201217_204_Full,20201217,['']
Chowchilla,Chowchilla_20201218_173_FULL_PrisonConditions_Stress_Family,20201218,"['Prison Conditions', ' Stress', ' Family']"
Chowchilla,Chowchilla_20201221_147_FULL,20201221,['']
Chowchilla,Chowchilla_20201221_193_Full_PrisonCondtions_Stress,20201221,"['Prison Conditions', ' Stress']"
Chowchilla,Chowchilla_20201222_189_FULL,20201222,['Stress']
Chowchilla,Chowchilla_20201223_218_FULL,20201223,['']
Chowchilla,Chowchilla_20201224_212_Full_PrisonConditions_Infection_Stress,20201224,"['Prison Conditions', ' Infection', ' Stress']"
Chowchilla,Chowchilla_20201228_148_FULL,20201228,['']
Chowchilla,Chowchilla_20201228_177_FULL,20201228,['']
Chowchilla,Chowchilla_20210104_248_Full,20210104,['Prison Conditions']
Chowchilla,Chowchilla_20210111_262_Full_Infection,20210111,['Infection']
Chowchilla,Chowchilla_20210114_270_Full,20210114,['']
Chowchilla,Chowchilla_20210121_324_FULL_PrisonConditions,20210121,['Prison Conditions']
Chowchilla,Chowchilla_20210405_960_Full_Stress,20210405,['Stress']
Chowchilla,Chowchilla_20210514_09_19_FULL,20210514,['']
Chowchilla,Chowchilla_ 20210201_373_FULL,20210201,['Stress']
Chuckawalla,Chuckawalla_20201105_06_41_FULL,20201105,['']
Chuckawalla,Chuckawalla_20201105_0728_FULL,20201105,['']
Chuckawalla,Chuckawalla_20201106_05_42_FULL,20201106,['']
Chuckawalla,Chuckawalla_20201106_07_07_FULL,20201106,['']
Chuckawalla,Chuckawalla_20201106_07_22_FULL,20201106,['']
Chuckawalla,Chuckawalla_20201109_05_04_FULL,20201109,['']
Chuckawalla,Chuckawalla_20201109_06_57_FULL,20201109,['']
Chuckawalla,Chuckawalla_20201120_06_34_FULL,20201120,['']
Chuckawalla,Chuckawalla_20201127_06_21_FULL,20201127,['']
Chuckawalla,Chuckawalla_20201127_06_39_FULL,20201127,['']
Chuckawalla,Chuckawalla_20201127_06_59_FULL,20201127,['']
Chuckawalla,Chuckawalla_20201203_06_01_PrisonConditions1_Infection,20201203,['Prison Conditions']
Chuckawalla,Chuckawalla_20201208_06_50_FULL,20201208,['']
Chuckawalla,Chuckawalla_20201211_05_20_FULL,20201211,['']
Chuckawalla,Chuckawalla_20210215_417_Full_PrisonConditions_Infection,20210215,"['Prison Conditions', ' Infection']"
CIW,CIW_20201207_07_46_FULL,20201207,"['Stress', ' Prison Conditions', ' Featured']"
CIW,CIW_20210324_06_51_FULL,20210324,['']
CIW,CIW_20201120_71_FULL,20201120,"['Stress', ' Family', ' Prison Conditions', ' Programs']"
CIW,CIW_20201201_79_FULL,20201201,['']
CIW,CIW_20201202_88_Familyandstress,20201202,"['Family', ' Stress']"
CIW,CIW_20201203_076_PrisonConditions_Stress,20201203,['Prison Conditions; Stress']
CIW,CIW_20201203_80_FULL_PrisonConditions_Infection,20201203,"['Prison Conditions', ' Infection', ' Stress', ' Featured']"
CIW,CIW_20201203_81_FULL,20201203,"['Infection', ' Family', ' Stress']"
CIW,CIW_20201204_85_FULL_PrisonConditions_Stress,20201204,"['Prison Conditions', ' Stress']"
CIW,CIW_20201209_114_FULL,20201209,"['Stress', ' Family', ' Prison Conditions', ' Programs']"
CIW,CIW_20201215_131_FULL,20201215,['']
CIW,CIW_20201217_194_FULL_Infection,20201217,"['Infection', ' Prison Conditions']"
CIW,CIW_20201218_153_FULL,20201218,['']
CIW,CIW_20201224_152_FULL,20201224,['']
CIW,CIW_20201230_160_FULL,20201230,['Prison Conditions']
CIW,CIW_20210319_577_FULL_Stress,20210319,['Stress']
CMC,CMC_20210212_0551_FULL,20210212,['']
CMC,CMC_20210212_07_21_FULL,20210212,['']
CMC,CMC_20210120_329_Full_PrisonConditions_Infections_Stress,20210120,"['Prison Conditions', ' Infection', ' Stress']"
CMC,CMC_20210121_316_FULL,20210121,['Prison Conditions']
CMC,CMC_20210125_315_Full_PrisonConditions_Stress,20210125,"['Prison Conditions', ' Stress']"
CMC,CMC_20210125_331_Full_PrisonConditions_Infection_Family,20210125,"['Featured', ' Prison Conditions', ' Infection', ' Family']"
CMC,CMC_20210125_332_Full_Infection,20210125,['Infection']
CMC,CMC_20210125_333_Full_Stress_Feature,20210125,"['Featured', ' Stress']"
CMC,CMC_20210126_336_Full,20210126,['']
CMC,CMC_20210129_307_FULL,20210129,"['Stress', ' Prison Conditions']"
CMC,CMC_20210129_308_Full_PrisonConditions,20210129,['Prison Conditions']
CMC,CMC_20210208_346_FULL_Stress_Infection_PrisonConditions,20210208,"['Stress', ' Infection', ' Prison Conditions']"
CMC,CMC_20210209_363_Full_w_themes,20210209,"['Family', ' Stress']"
CMC,CMC_20210210_355_FULL,20210210,"['Prison Conditions', ' Program', ' Family']"
CMC,CMC_20210210_357_FULL,20210210,['']
CMC,CMC_20210210_358_FULL_Stress,20210210,['Stress']
CMC,CMC_20210210_359_Full,20210210,['']
CMC,CMC_20210211_446_FULL,20210211,['']
CMC,CMC_20210211_447_FULL_Family_Infection,20210211,"['Family', ' Infection']"
CMC,CMC_20210212_438_FULL_InfectionPrisonConditionsStress,20210212,"['Infection', ' Prison Conditions', ' Stress']"
CMC,CMC_20210212_439_FULL,20210212,['']
CMC,CMC_20210216_425_FULL_Stress,20210216,['Stress']
CMC,CMC_20210216_426_FULL_Infection_PrisonConditions,20210216,"['Infection', ' Prison Conditions']"
CMC,CMC_20210217_401_Full_FamilyInfectionStress,20210217,"['Family', ' Infection', ' Stress']"
CMC,CMC_20210221_488_FULL_Family_Infection_PrisonConditions,20210221,"['Family', ' Infection', ' Prison Conditions']"
CMC,CMC_20210222_454_FULL_Infection,20210222,['Infection']
CMC,CMC_20210222_490_Full,20210222,['']
CMC,CMC_20210223_499_FULL,20210223,['']
CMC,CMC_20210224_465_FULL,20210224,['']
CMC,CMC_20210225_472_FULL_Programs_Stress,20210225,"['Programs', ' Stress']"
CMC,CMC_20210225_473_FULL,20210225,['']
CMC,CMC_20210308_656_Full_InfectionPrisonConditions,20210308,"['Infection', ' Prison Conditions', ' Featured']"
CMC,CMC_20210316_550_FULL,20210316,['']
CMC,CMC_20210412_956_Full_Infection,20210412,['Infection']
CMC,CMC_20210420_711_FULL_Infection_PrisonConditions,20210420,"['Infection', ' Prison Conditions']"
Corcoran,Corcoran_20201103_07_39_FULL,20201103,['']
Corcoran,Corcoran_20210105_07_43_FULL,20210105,['']
Corcoran,Corcoran_20210421_637_FULL_Infection_Family_Programs,20210421,"['Infection', ' Family', ' Programs']"
Corcoran,Corcoran_20210428_320_FULL,20210428,['']
Corcoran,Corcoran_20210518_6_21_FULL,20210518,['']
Corcoran,Corcoran_20210824_21225_FULL,20210824,['']
Corcoran,Corcoran_20201224_213_FULL,20201224,['']
Corcoran,Corcoran_20201230_162_Full_Program_Family,20201230,"['Programs', ' Family']"
CSATF,CSATF_20210128_310_Full,20210128,['']
CSATF,CSATF_20210209_625_FULL,20210209,['']
CSATF,CSATF_20201123_66_FULL,20201123,"['Infection', ' Prison Conditions', ' Stress']"
CSATF,CSATF_20201214_141_FULL,20201214,['']
CSATF,CSATF_20201216_256_FULL,20201216,['']
CSATF,CSATF_20210107_228_Full_Infection,20210107,['Infection']
CSATF,CSATF_20210108_235_FULL,20210108,['']
CSATF,CSATF_20210108_236_Full,20210108,['']
CSATF,CSATF_20210108_240_Full,20210108,['']
CSATF,CSATF_20210108_242_FULL_Programs,20210108,['Programs']
CSATF,CSATF_20210111_259_Full_Infection_PrisonConditions,20210111,"['Infection', ' Prison Conditions']"
CSATF,CSATF_20210111_261_FULL_Stress_Programs,20210111,"['Stress', ' Programs']"
CSATF,CSATF_20210111_279_FULL,20210111,['']
CSATF,CSATF_20210111_281_FULL_PrisonConditions_Infection,20210111,"['Prison Conditions', ' Infection']"
CSATF,CSATF_20210111_283_Full_PrisonConditions_Stress,20210111,"['Prison Conditions', ' Stress']"
CSATF,CSATF_20210112_278_Full_Stress,20210112,['Stress']
CSATF,CSATF_20210114_265_FULL,20210114,['']
CSATF,CSATF_20210121_260_FULL_Stress_Infection,20210121,"['Stress', ' Infection']"
CSATF,CSATF_20210122_328_Full,20210122,['']
CSATF,CSATF_20210324_639_Full_Stress,20210324,['Stress']
CSATF,CSATF_20210401_606_Full_PrisonConditions,20210401,['Prison Conditions']
CSATF,CSATF_20210408_977_Full_PrisonConditionsInfection,20210408,"['Prison Conditions', ' Infection']"
CSATF,CSATF_20201231_167_FULL,20201231,['Stress']
CSATF,CSATF_20210201_372_FULL,20210201,['']
Delano,Delano_20210216_428_FULL,20210216,['']
Delano,Delano_20210216_432_FULL,20210216,['']
Delano,Delano_20210217_400_Full_Prison Conditions,20210217,['Prison Conditions']
Delano,Delano_20210217_409_FULL_Infection,20210217,['Infection']
Delano,Delano_20210420_725_FULL_Family_PrisonConditions,20210420,"['Family', ' Prison Conditions']"
Delano,Delano_20210420_726_Full,20210420,['']
Donovan,Donovan_20201004_05_00_FULL,20201004,['']
Donovan,Donovan_20201130_06_49_FULL,20201130,['']
Donovan,Donovan_20201201_05_00_FULL,20201201,['']
Donovan,Donovan_20201201_2_36,20201201,"['Infection', ' Prison Conditions']"
Donovan,Donovan_20201202_2_59,20201202,['Prison Conditions']
Donovan,Donovan_20201202_5_31_FULL,20201202,['']
Donovan,Donovan_20201209_8_39_FULL,20201209,"['Family', ' Stress', ' Program']"
Donovan,Donovan_20210104_603_PrisonConditions,20210104,['Prison Conditions']
Donovan,Donovan_20210107_01_16_FULL,20210107,['']
Donovan,Donovan_20210111_01_05_Infection,20210111,['Infection']
Donovan,Donovan_20210115_245_FULL,20210115,['']
Donovan,Donovan_20210503_6_27_FULL_Infection_PrisonConditions,20210503,"['Infection', ' Prison Conditions']"
Donovan,Donovan_20210507_5_59_P1_Full,20210507,['']
Donovan,Donovan_20210507_5_59_P2_FULL,20210507,['']
Donovan,Donovan_20210514_6_29_Full,20210514,['']
Donovan,Donovan_20210107_227_Full,20210107,['']
Donovan,Donovan_20210119_319_FULL_Infection_PrisonConditions,20210119,"['Infection', ' Prison Conditions']"
Donovan,Donovan_20210319_645_FULL,20210319,['']
Donovan,Donovan_20210330_591_FULL_Stress,20210330,['Stress']
Donovan,Donovan_20210419_682_Full_Family_Infection_Stress,20210419,"['Family', ' Infection', ' Stress']"
Donovan,Donovan_20210419_699_FULL_PrisonConditionsFamilyStress,20210419,"['Prison Conditions', ' Family', ' Stress']"
Donovan,Donovan_20210422_772_FULL_Infection_PrisonConditions,20210422,"['Infection', ' Prison Conditions']"
Donovan,Donovan_20210422_802_Full_InfectionPrisonConditions,20210422,"['Infection', ' Prison Conditions']"
Donovan,Donovan_20210422_803_FULL,20210422,['']
Donovan,Donovan_20210422_804_FULL,20210422,['']
Donovan,Donovan_20210426_817_FULL_PrisonConditions_Infection_Stress,20210426,"['Prison Conditions', ' Infection', ' Stress', ' Featured']"
Donovan,Donovan_20210426_818_FULL,20210426,['']
Donovan,Donovan_20210427_765_Full,20210427,['']
Donovan,Donovan_20210427_767_FULL_Family_Infection_PrisonConditions,20210427,"['Family', ' Infection', ' Prison Conditions']"
Donovan,Donovan_20210427_785_FULL_Family_Infection,20210427,"['Family', ' Infection']"
Donovan,Donovan_20210427_899_FULL_Infection,20210427,['Infection']
Donovan,Donovan_20210428_761_FULL,20210428,['']
Donovan,Donovan_20210428_762_FULL_PrisonConditionsStress,20210428,"['Prison Conditions', ' Stress']"
Donovan,Donovan_20210428_763_FULL_Infection_PrisonConditions,20210428,"['Infection', ' Prison Conditions']"
Donovan,Donovan_20210428_764_FULL,20210428,['']
Donovan,Donovan_20210428_853_FULL_FamilyInfection,20210428,"['Family', ' Infection']"
Donovan,Donovan_20210430_1011_Full,20210430,['']
FireCamps,FireCamps_20210816_715_P1_FULL,20210816,['']
Folsom,Folsom_20210104_294_FULL,20210104,"['Prison Conditions', ' Stress', ' Programs']"
Folsom,Folsom_20210412_958_Full,20210412,['']
Folsom,Folsom_20210427_888_FULL_PrisonCondtions,20210427,['Prison Conditions']
Folsom,Folsom_20210428_1032_Full,20210428,['']
Fresno_Main,Fresno_Main_20210826_59372_P1_FULL,20210826,['']
Fresno_Main,Fresno_Main_20210826_59372_P2_FULL,20210826,['']
Fresno_Main,Fresno_Main_20210901_87115_FULL,20210901,['']
Fresno_Main,Fresno_Main_20210910_29668_FULL,20210910,['']
Fresno_Main,Fresno_Main_20210910_56264_FULL,20210910,['']
Fresno_Main,Fresno_Main_20210916_40145_FULL,20210916,['']
Fresno_Main,Fresno_Main_20210920_28918_FULL,20210920,['']
Fresno_Main,Fresno_Main_20210916_46088_FULL,20210916,"['Prison Conditions', ' Stress']"
Fresno_Main,Fresno_Main_20210916_72217_FULL,20210916,['']
Fresno_Main,Fresno_Main_20210831_43692_FULL,20210831,['']
Fresno_Main,Fresno_Main_20211006 _19112_FULL,20211006,['']
Fresno_Main,Fresno_Main_20210831_76770_FULL,20210831,['']
Fresno_Mendota,Fresno_Mendota_20210916_FULL,20210916,['']
High Desert,High Desert_20210219_410_FULL_Stress_Infection,20210219,"['Stress', ' Infection']"
High Desert,High Desert_20210221_501_FULL_PrisonConditions_Stress,20210221,"['Prison Conditions', ' Stress']"
High Desert,High Desert_20210222_503_FULL,20210222,['']
High Desert,High Desert_20210301_534_FULL_InfectionFamilyPrisonConditions_Stress,20210301,"['Infection', ' Family', ' Prison Conditions']"
High Desert,High Desert_20210303_529_Full,20210303,['']
High Desert,High Desert_20210310_582_FULL_Stress_PrisonConditions,20210310,"['Stress', ' Prison Conditions']"
High Desert,High Desert_20210315_549_FULL_PrisonConditions,20210315,['Prison Conditions']
High Desert,High Desert_20210128_304_FULL,20210128,"['Family', ' Prison Conditions', ' Infection']"
High Desert,High Desert_20210201_368_FULL,20210201,['']
High Desert,High Desert_20210128_302_Full,20210128,['']
High Desert,High Desert_20210128_303_Full,20210128,['']
High Desert,High Desert_20210128_305_FULL,20210128,"['Family', ' Stress']"
High Desert,High Desert_20210129_300_Full,20210129,"['Prison Conditions', ' Stress']"
High Desert,High Desert_20210129_301_Full_PrisonConditions_Programs_Family,20210129,"['Prison Conditions', ' Programs', ' Family', ' Stress', ' Infection']"
High Desert,High Desert_20210129_377_FULL,20210129,['']
High Desert,High Desert_20210201_357_FULL_Family_Infection,20210201,"['Family', ' Infection']"
High Desert,High Desert_20210208_342_FULL_PrisonConditionsInfection,20210208,"['Prison Conditions', ' Infection']"
High Desert,High Desert_20210211_441_Full_PrisonCondtions_Infection_Stress,20210211,"['Prison Condtions', ' Infection', ' Stress']"
High Desert,High Desert_20210221_505_FULL_Infection_Family,20210221,"['Infection', ' Family']"
High Desert,High Desert_20210222_502_FULL_Stress_PrisonConditions,20210222,"['Stress', ' Prison Conditions']"
High Desert,High Desert_20210223_459_FULL_Stress_Infection,20210223,"['Stress', ' Infection']"
High Desert,High Desert_20210223_460_FULL_PrisonConditions_Programs,20210223,"['Prison Conditions', ' Program']"
High Desert,High Desert_20210223_467_FULL,20210223,['']
High Desert,High Desert_20210420_713_Full_Family_Infection_Stress,20210420,"['Family', ' Infection', ' Stress']"
High Desert,High Desert_20210202_380_FULL_Infection,20210202,['Infection']
High Desert,High Desert_20210208_344_FULL,20210208,['']
High Desert,High Desert_20210208_345_FULL,20210208,['']
Ironwood,Ironwood_20201109_06_38_FULL,20201109,['']
Ironwood,Ironwood_20201118_2_04_Stress,20201118,['Stress']
Ironwood,Ironwood_20201130_94_FULL,20201130,['']
Ironwood,Ironwood_20201229_157_FULL,20201229,['']
Ironwood,Ironwood_20201230_156_FULL,20201230,['']
Ironwood,Ironwood_20210113_269_Full_Infection,20210113,"['Infection', ' Featured']"
Ironwood,Ironwood_20210114_267_Full,20210114,"['Prison Conditions', ' Family', ' Stress']"
Ironwood,Ironwood_20210122_327_FULL_Programs_Infection,20210122,"['Programs', ' Infection']"
Ironwood,Ironwood_20210125_311_Full,20210125,['']
Ironwood,Ironwood_20210205_388,20210205,['Prison Conditions']
Jamestown,Jamestown_20210308_672_FULL,20210308,['']
Jamestown,Jamestown_20210311_667_FULL_Stress,20210311,['Stress']
Jamestown,Jamestown_20210316_561_Full,20210316,['']
Jamestown,Jamestown_20210317_572_FULL_Infection_PrisonConditions,20210317,"['Infection', ' Prison Conditions']"
Jamestown,Jamestown_20210317_573_FULL_PrisonConditions_Infection_Stress,20210317,"['Prison Conditions', ' Infection', ' Stress']"
Jamestown,Jamestown_20210318_574_FULL_Family_Infection_Stress,20210318,"['Family', ' Infection', ' Stress']"
Jamestown,jamestown_20210323_643_Full_Stress,20210323,['Stress']
Jamestown,jamestown_20210325_638_Full,20210325,['']
Jamestown,Jamestown_20210419_695_Full,20210419,['']
Kern_GSAnnex,Kern_GSAnnex_20210812_712_FULL,20210812,['']
Kern_GSAnnex,Kern_GSAnnex_20210812_756_FULL,20210812,['']
Kern_GSAnnex,Kern_GSAnnex_20210812_737_FULL_Spanish,20210812,['']
Kern_GSAnnex,Kern_GSAnnex_20210812_737_FULL_English,20210812,['']
KernValley,KernValley_20210427_5_59_Full,20210427,['']
KernValley,KernValley_20210324_636_FULL_Programs_Infection,20210324,"['Programs', ' Infection']"
KernValley,KernValley_20210427_739_FULL,20210427,['']
KernValley,KernValley_20210427_742_FULL,20210427,['']
KernValley,KernValley_20210427_745_Full_Infection_PrisonConditions,20210427,"['Infection', ' Prison Conditions']"
KernValley,KernValley_20210427_747_FULL,20210427,['']
KernValley,KernValley_20210427_753_FULL,20210427,['']
KernValley,KernValley_20210427_754_FULL_StressInfection,20210427,"['Stress', ' Infection']"
KernValley,KernValley_20210427_830_FULL_InfectionStress,20210427,"['Infection', ' Stress']"
KernValley,KernValley_20210428_846_Full,20210428,['']
KernValley,KernValley_20210428_849_Full,20210428,['']
KernValley,KernValley_20210430_1000_FULL_Programs_Infection,20210430,"['Programs', ' Infection']"
KernValley,KernValley_20210430_1001_FULL_Stress_Infection_PrisonConditions,20210430,"['Stress', ' Infection', ' Prison Conditions']"
KernValley,KernValley_20210430_999_Full,20210430,['']
KernValley,KernValley_20210513_1345_FULL,20210513,['']
KernValley,KernValley_20210513_1346_FULL_Infection,20210513,['Infection']
KernValley,KernValley_20210513_1350_FULL,20210513,['']
Kings_Main,Kings_Main_20210827_87009_FULL,20210827,['']
Lancaster,Lancaster_20201029_002_FULL,20201029,['']
Lancaster,Lancaster_20201109_030_FULL,20201109,['']
Lancaster,Lancaster_20201202_091_FULL,20201202,['']
Lancaster,Lancaster_20201209_110_FULL,20201209,"['Infection', ' Stress', ' Prison Conditions']"
Lancaster,Lancaster_20210126_295_Full,20210126,['']
Lancaster,Lancaster_20210316_583_FULL_Stress_PrisonConditions,20210316,"['Stress', ' Prison Conditions']"
LosAngeles_MensCentral,LosAngeles_MensCentral_20211006_22274_FULL,20211006,['']
LosAngeles_MensCentral,LosAngeles_MensCentral_20211001_10081_FULL,20211001,['']
LosAngeles_MensCentral,LosAngeles_MensCentral_20210929_73176_FULL,20210929,['']
LosAngeles_MensCentral,LosAngeles_MensCentral_20211115_99586_FULL,20211115,['']
LosAngeles_Metropolitan,LosAngeles_Metropolitan_20210907_FULL,20210907,['']
LosAngeles_Metropolitan,LosAngeles_Metropolitan_20210917_FULL,20210917,['']
LosAngeles_Metropolitan,LosAngeles_Metropolitan_20210831_001_FULL,20210831,['']
LosAngeles_Metropolitan,LosAngeles_Metropolitan_20210831_002_FULL_PrisonConditions_Stress,20210831,"['Prison Conditions', ' Stress']"
LosAngeles_TwinTowers,LosAngeles_TwinTowers_20211006_47422_FULL,20211006,['']
LosAngeles_TwinTowers,LosAngeles_TwinTowers_20211004_32516_FULL,20211004,['']
Merced_Latorraca,Merced_Latorraca_20210910_38691_FULL,20210910,['']
Merced_Latorraca,Merced_Latorraca_20210910_81379_FULL,20210910,['']
Merced_Latorraca,Merced_Latorraca_20210917_17611_FULL,20210917,['']
Merced_Latorraca ,Merced_Latorraca _20210917_24079_FULL,20210917,['']
Merced_Main,Merced_Main_20210920_55348_P1_P2_FULL,20210920,['']
Merced_Main,Merced_Main_20210914_19036_FULL,20210914,['']
Merced_Main,Merced_Main_20211005_25218_FULL,20211005,['']
Merced_Main,Merced_Main_20210916_16065_FULL,20210916,['']
Merced_Main,Merced_Main_20210916_65115_FULL,20210916,['']
Merced_Main,Merced_Main_20220105_70350_FULL_PrisonConditions,20220105,['Prison Conditions']
Merced_USPAtwater,Merced_USPAtwater_20210909_002_FULL,20210909,['']
Merced_USPAtwater,Merced_USPAtwater_20210909_001_FULL_Family_Infection,20210909,"['Family', ' Infection']"
Merced_USPAtwater,Merced_USPAtwater_20210908_FULL,20210908,['']
Merced_USPAtwater,Merced_USPAtwater_20210916_FULL_Infection,20210916,['Infection']
Merced_USPAtwater,Merced_USPAtwater_20210917_FULL,20210917,['']
Mule Creek,Mule Creek_20201228_07_03_FULL,20201228,['']
Mule Creek,Mule Creek_20201228_621_FULL,20201228,['']
Mule Creek,Mule Creek_20201229_07_32_FULL,20201229,['']
Mule Creek,MuleCreek_20210521_6_47_Full,20210521,['']
Mule Creek,MuleCreek_20210114_0504_FULL,20210114,['']
Mule Creek,MuleCreek_20210114_0518_FULL,20210114,['']
Mule Creek,MuleCreek_20201109_27_Full_PrisonConditions_Stress_Family,20201109,"['Prison Conditions', ' Stress', ' Family']"
Mule Creek,MuleCreek_20201110_323_FULL_PrisonConditions,20201110,['Prison Conditions']
Mule Creek,MuleCreek_20201210_101_FULL,20201210,['']
Mule Creek,MuleCreek_20210105_246_FULL,20210105,['']
Mule Creek,MuleCreek_20210113_257_Full,20210113,['']
Mule Creek,MuleCreek_20210419_696_FULL_Family_PrisonConditions_Infection,20210419,"['Family', ' Prison Conditions', ' Infection']"
Mule Creek,MuleCreek_20210421_704_Full,20210421,['']
Mule Creek,MuleCreek_20210423_797_FULL,20210423,['']
Mule Creek,MuleCreek_20210426_868_FULL_PrisonConditions,20210426,['Prison Conditions']
Mule Creek,MuleCreek_20210426_870_FULL_FamilyStressInfection,20210426,"['Family', ' Stress', ' Infection']"
Mule Creek,MuleCreek_20210428_844_FULL_InfectionPrisonConditions,20210428,"['Infection', ' Prison Conditions', ' Featured']"
Mule Creek,MuleCreek_20210429_987_FULL,20210429,['']
Mule Creek,MuleCreek_20210517_1261_FULL_PrisonConditions_Infection_Family,20210517,"['Prison Conditions', ' Infection', ' Family']"
Mule Creek,MuleCreek_20210517_1262_FULL_PrisonConditions_Infection,20210517,"['Prison Conditions', ' Infection']"
Mule Creek,MuleCreek_20210517_1267_FULL,20210517,['']
Mule Creek,MuleCreek_20210526_5_04_FULL,20210526,['']
NewFolsom,NewFolsom_20210421_7_30_FULL,20210421,['']
NewFolsom,NewFolsom_20210503_813_FULL,20210503,['']
NewFolsom,NewFolsom_20210513_7_16_FULL,20210513,['']
NewFolsom,NewFolsom_20211117_47746_FULL,20211117,['']
NewFolsom,NewFolsom_20211123_82594_FULL,20211123,['']
NewFolsom,NewFolsom_20210609_618_FULL,20210609,['']
NewFolsom,NewFolsom_20210610_605_FULL,20210610,['']
NewFolsom,NewFolsom_20220112_29146_FULL,20220112,['']
NewFolsom,NewFolsom_20210418_698_FULL_ProgramsPrisonConditions,20210418,"['Programs', ' Prison Conditions']"
NewFolsom,NewFolsom_20210420_714_FULL_StressPrograms,20210420,"['Stress', ' Programs']"
NewFolsom,NewFolsom_20210421_707_FULL_ProgramsFamilyStress,20210421,"['Programs', ' Family', ' Stress']"
NewFolsom,NewFolsom_20210421_708_FULL_ProgramsFamilyStress,20210421,"['Programs', ' Family', ' Stress', ' Featured']"
NewFolsom,NewFolsom_20210421_710_FULL_ProgramsInfectionPrisonconditions,20210421,"['Programs', ' Infection', ' Prison Conditions']"
NewFolsom,NewFolsom_20210421_792_FULL_PrisonconditionsCopingFamily,20210421,"['Prison Conditions', ' Stress', ' Family']"
NewFolsom,NewFolsom_20210422_769_FULL_PrisonConditionsInfection,20210422,"['Prison Conditions', ' Infection']"
NewFolsom,NewFolsom_20210423_771_FULL,20210423,['']
NewFolsom,NewFolsom_20210426_814_FULL_PrisonConditions,20210426,['Prison Conditions']
NewFolsom,NewFolsom_20210426_820_FULL,20210426,['']
NewFolsom,NewFolsom_20210426_821_FULL_FamilyInfection,20210426,"['Family', ' Infection']"
NewFolsom,NewFolsom_20210426_824_FULL_Infection_PrisonConditions,20210426,"['Infection', ' Prison Conditions']"
NewFolsom,NewFolsom_20210429_986_FULL_PrisonConditions,20210429,['Prison Conditions']
NewFolsom,NewFolsom_20210430_1016_FULL_Infection,20210430,['Infection']
NewFolsom,NewFolsom_20210430_1022_Full_Infection_Programs,20210430,"['Infection', ' Programs', ' Featured']"
NewFolsom,NewFolsom_20220119_18246_FULL,20220119,['']
NewFolsom,NewFolsom_20220208_95458_FULL,20220208,['']
NewFolsom,NewFolsom_20220211_54709_FULL,20220211,['']
Norco,Norco_20210218_10_04_FULL_Stress,20210218,['Stress']
Norco,Norco_20210827_36000_FULL,20210827,['']
Norco,Norco_20210906_39314_FULL_Family_Infection,20210906,"['Family', ' Infection']"
Norco,Norco_20201102_10_FULL,20201102,"['Infection', ' Family']"
Norco,Norco_20210123_449_Full_Infection_Family,20210123,"['Infection', ' Family']"
Norco,Norco_20210125_334_Full,20210125,['']
Norco,Norco_20210203_386_FULL,20210203,['']
Norco,Norco_20210208_349_FULL,20210208,"['Infection', ' Stress', ' Prison Conditions']"
Norco,Norco_20210219_414_Full,20210219,['']
Norco,Norco_20210401_610_FULL_Infection_PrisonConditions,20210401,"['Infection', ' Prison Conditions']"
NorthKern,NorthKern_20210209_337_FULL,20210209,['']
Orange_Central,Orange_Central_20210511_6_20_FULL,20210511,['']
Orange_Central,Orange_Central_20210415_939_FULL,20210415,['']
Orange_Central,Orange_Central_20210416_927_FULL,20210416,['']
Orange_Central,Orange_Central_20210416_928_FULL_PrisonConditionsInfection,20210416,"['Prison Conditions', ' Infection']"
Orange_Central,Orange_Central_20210419_689_FULL,20210419,['']
Orange_Central,Orange_Central_20210419_693_FULL_Stress,20210419,['Stress']
Orange_Central,Orange_Central_20210421_679_Full,20210421,['']
Orange_Central,Orange_Central_20210421_728_Full,20210421,['']
Orange_Central,Orange_Central_20210428_842_FULL,20210428,['']
Orange_Central,Orange_Central_20210517_1275_FULL_Stress,20210517,['Stress']
Orange_TheoLacy,Orange_TheoLacy_20210422_8_05_FULL,20210422,['']
Orange_TheoLacy,Orange_TheoLacy_20210428_7_37_FULL,20210428,['']
Orange_TheoLacy,Orange_TheoLacy_20210416_926_FULL_PrisonConditionsPrograms,20210416,"['Prison Conditions', ' Programs']"
Orange_TheoLacy,Orange_TheoLacy_20210417_687_FULL_PrisonConditions_Family,20210417,"['Prison Conditions', ' Family']"
Orange_TheoLacy,Orange_TheoLacy_20210417_930_FULL,20210417,['']
Orange_TheoLacy,Orange_TheoLacy_20210417_932_FULL,20210417,['']
Orange_TheoLacy,Orange_TheoLacy_20210419_680_FULL,20210419,['']
Orange_TheoLacy,Orange_TheoLacy_20210419_694_FULL,20210419,['']
Orange_TheoLacy,Orange_TheoLacy_20210420_722_Full,20210420,['']
Orange_TheoLacy,Orange_TheoLacy_20210420_723_FULL_PrisonConditions_Stress,20210420,['Prison Conditions']
Orange_TheoLacy,Orange_TheoLacy_20210420_724_FULL,20210420,['']
Orange_TheoLacy,Orange_TheoLacy_20210421_701_Full_FamilyInfectionStress,20210421,"['Family', ' Infection', ' Stress']"
Orange_TheoLacy,Orange_TheoLacy_20210421_730_FULL_PrisonConditionsStressInfection,20210421,"['Prison Conditions', ' Stress', ' Infection']"
Orange_TheoLacy,Orange_TheoLacy_20210421_919_FULL_PrisonConditionsInfection,20210421,"['Prison Conditions', ' Infection']"
Orange_TheoLacy,Orange_TheoLacy_20210423_777_FULL_StressPrisonConditions,20210423,"['Stress', ' Prison Conditions']"
Orange_TheoLacy,Orange_TheoLacy_20210424_805_FULL,20210424,['']
Orange_TheoLacy,Orange_TheoLacy_20210427_892_FULL_PrisonConditionsInfection,20210427,"['Prison Conditions', ' Infection']"
Orange_TheoLacy,Orange_TheoLacy_20210430_1003_Full,20210430,['']
Orange_TheoLacy,Orange_TheoLacy_20210430_1010_Full_Stress_PrisonConditions,20210430,"['Stress', ' Prison Conditions', ' Featured']"
Orange_TheoLacy,Orange_TheoLacy_20210501_1024_FULL_Stress,20210501,['Stress']
PelicanBay,PelicanBay_20210520_6_09_FULL,20210520,['']
PelicanBay,PelicanBay_20210907_20161_FULL,20210907,['']
PelicanBay,PelicanBay_20210920_34490_FULL,20210920,['']
PelicanBay,PelicanBay_20211005_33525_FULL,20211005,['']
PelicanBay,PelicanBay_20210420_917_FULL_PrisonConditions,20210420,['Prison Conditions']
PelicanBay,PelicanBay_20210420_918_Full,20210420,['']
PelicanBay,PelicanBay_20210423_866_FULL,20210423,['']
PelicanBay,PelicanBay_20210426_903_FULL,20210426,['']
Pleasant Valley,Pleasant Valley_20210217_402_FULL_Programs,20210217,['Programs']
Pleasant Valley,Pleasant Valley_20210222_491_FULL,20210222,['']
Pleasant Valley,Pleasant Valley_20210223_497_FULL_Famiy_Infection_Stress,20210223,"['Family', ' Infection', ' Stress']"
Pleasant Valley,Pleasant Valley_20210302_523_FULL_Family_PrisonConditions_Programs,20210302,"['Family', ' Prison Conditions', ' Porgrams']"
Pleasant Valley,Pleasant Valley_20210312_657_FULL,20210312,"['Stress', ' Infection']"
Pleasant Valley,PleasantValley_20210222_8_04_Full,20210222,['']
Pleasant Valley,PleasantValley_20210201_370_FULL,20210201,"['Prison Conditions', ' Family', ' Stress']"
Pleasant Valley,PleasantValley_20210209_341_Full,20210209,"['Family', ' Programs']"
Pleasant Valley,PleasantValley_20210211_396_Full_PrisonConditions_Stress_Programs_Family,20210211,"['Prison Conditions', ' Stress', ' Family', ' Programs']"
Pleasant Valley,PleasantValley_20210214_429_FULL,20210214,['']
Pleasant Valley,PleasantValley_20210223_484_FULL,20210223,['']
Pleasant Valley,PleasantValley_20210224_474_Full_Programs_Stress,20210224,"['Programs', ' Stress']"
Pleasant Valley,PleasantValley_20210228_519_FULL_Stress,20210228,['Stress']
Pleasant Valley,PleasantValley_20210311_668_FULL_PrisonConditions_Family,20210311,"['Prison Conditions', ' Family']"
Pleasant Valley,PleasantValley_20210311_669_FULL_Programs_PrisonConditions,20210311,"['Programs', ' Prison Conditions']"
Pleasant Valley,PleasantValley_20210317_564_FULL_Stress,20210317,['Stress']
Pleasant Valley,PleasantValley_20210322_621_FULL,20210322,['']
Pleasant Valley,PleasantValley_20210322_622_Full,20210322,['']
Pleasant Valley,Pleasantvalley_20210322_633_FULL_Stress_PrisonConditions,20210322,"['Stress', ' Prison Conditions']"
Pleasant Valley,PleasantValley_20210401_609_Full_PrisonConditions_Infections,20210401,"['Prison Conditions', ' Infection']"
Pleasant Valley,PleasantValley_20210205_391_FULL,20210205,['']
Pleasant Valley,PleasantValley_20210209_339_FULL,20210209,"['Programs', ' Family']"
Pleasant Valley,PleasantValley_20210209_340_FULL,20210209,"['Prison Conditions', ' Family']"
Pleasant Valley,PleasantValley_20210212_397_Full,20210212,"['Family', ' Programs']"
Riverside_Benoit,Riverside_Benoit_20210604_503_FULL,20210604,['']
Riverside_Blythe,Riverside_Blythe_20210607_646_FULL,20210607,['']
Riverside_Byrd,Riverside_Byrd_20210604_627_FULL,20210604,['']
Riverside_Presley,Riverside_Presley_20210603_525_FULL,20210603,['']
Riverside_Presley,Riverside_Presley_20210603_851_FULL_Infection_PrisonConditions_Family,20210603,"['Infection', ' PrisonConditions', ' Family']"
Riverside_Smith,Riverside_Smith_20210601_7_43_FULL,20210601,['']
Riverside_Smith,Riverside_Smith_20210609_829_FULL,20210609,['']
Riverside_Smith,Riverside_Smith_20210610_806_FULL,20210610,['']
Riverside_Smith,Riverside_Smith_20210610_826_FULL,20210610,['']
Riverside_Smith,Riverside_Smith_20210614_737_FULL,20210614,['']
Riverside_Smith,Riverside_Smith_20210616_801_FULL,20210616,['']
Riverside_Smith,Riverside_Smith_20210617_519_FULL_Infection,20210617,['Infection']
Riverside_unspecified,Riverside_unspecified_20210622_0731_FULL,20210622,['']
SalinasValley,SalinasValley_20210521_6_20_Full,20210521,['']
SalinasValley,SalinasValley_20210315_554_FULL,20210315,['']
SalinasValley,SalinasValley_20210405_968_Full,20210405,['']
SalinasValley,SalinasValley_20210419_727_FULL,20210419,['']
SalinasValley,SalinasValley_20210421_729_FULL_StressPrograms,20210421,"['Stress', ' Programs']"
SalinasValley,SalinasValley_20210421_912_Full,20210421,['']
SalinasValley,SalinasValley_20210422_801_FULL,20210422,['']
SalinasValley,SalinasValley_20210422_806_FULL_PrisonConditions,20210422,['Prison Conditions']
SalinasValley,SalinasValley_20210423_808_FULL_PrisonConditions,20210423,['Prison Conditions']
SalinasValley,SalinasValley_20210423_864_FULL_PrisonCondtions,20210423,['Prison Conditions']
SalinasValley,SalinasValley_20210423_867_FULL,20210423,['']
SalinasValley,SalinasValley_20210426_781_FULL,20210426,['']
SalinasValley,SalinasValley_20210426_880_FULL,20210426,['']
SalinasValley,SalinasValley_20210426_881_FULL_StressInfection,20210426,"['Stres', ' Infection']"
SalinasValley,SalinasValley_20210426_889_FULL,20210426,['']
San Quentin,San Quentin_20201113_734_FULL,20201113,['']
San Quentin,San_Quentin_20201103_647_FULL,20201103,['']
San Quentin,San_Quentin_20210121_07_10_FULL,20210121,['Infection']
San Quentin,SanQuentin_20201027_06_05_FULL,20201027,['']
San Quentin,San Quentin_20201108_025_FULL,20201108,['']
San Quentin,San Quentin_20201201_77B_FULL_PrisonConditions_Infection_Stress,20201201,"['Prison Conditions', ' Infection', ' Stress', ' Featured']"
San Quentin,San Quentin_20201204_86_FULL,20201204,['']
San Quentin,San Quentin_20210125_312_FULL,20210125,"['Stress', ' Programs', ' Prison Conditions']"
San Quentin,San_Quentin_20201109_022_FULL,20201109,['']
SanBernadino_WestValley,SanBernadino_WestValley_20211011_86411_FULL,20211011,['']
SanBernardino_Central,SanBernardino_Central_20211004_84859_P1_FULL,20211004,['']
SanJoaquin_Main,SanJoaquin_Main_20210831_12851_FULL,20210831,['']
SanJoaquin_Main,SanJoaquin_Main_20210831_15688_FULL,20210831,['']
SanJoaquin_Main,SanJoaquin_Main_20210902_88473_P2_FULL,20210902,['']
SanJoaquin_Main,SanJoaquin_Main_20210907_38166_P1_FULL,20210907,['']
SanJoaquin_Main,SanJoaquin_Main_20210907_38166_P2_FULL,20210907,['']
SanJoaquin_Main,SanJoaquin_Main_20210907_38166_P2_Infection,20210907,['']
SanJoaquin_Main,SanJoaquin_Main_20210907_70339_FULL,20210907,['']
SanJoaquin_Main,SanJoaquin_Main_20210910_54143_FULL,20210910,['']
SanJoaquin_Main,SanJoaquin_Main_20210914_84921_Full,20210914,['']
SanQuentin,SanQuentin_20201123_068_FULL,20201123,"['Infections', ' Stress', ' Prison Conditions']"
SanQuentin,SanQuentin_20201221_187_FULL,20201221,['']
SanQuentin,SanQuentin_20201221_188_FULL,20201221,"['Programs', ' Prison Conditions']"
SanQuentin,SanQuentin_20201229_200_Full,20201229,['']
SanQuentin,SanQuentin_20210104_252_FULL,20210104,['Prison Conditions']
SantaClara_Elmwood,SantaClara_Elmwood_20220209_58109_FULL,20220209,['']
SantaClara_Elmwood,SantaClara_Elmwood_20211221_34216_FULL,20211221,['']
SantaClara_Elmwood,SantaClara_Elmwood_20211201_47028_FULL,20211201,['']
SantaClara_Elmwood,SantaClara_Elmwood_20211201_62377_FULL,20211201,['']
SantaClara_Elmwood,SantaClara_Elmwood_20211206_71158_FULL,20211206,['']
SantaClara_Elmwood,SantaClara_Elmwood_20211206_85268_FULL,20211206,['']
SantaClara_Main,SantaClara_Main_20211223_63230_FULL,20211223,['']
SCC,SCC_20210114_271_Full,20210114,['']
Solano,Solano_20200805_05_00_FULL,20200805,['']
Solano,Solano_20201012_0935_FULL,20201012,['']
Solano,Solano_20201206_08_30_FULL_PrisonConditions,20201206,"['Prison Conditions', ' Infections']"
Solano,Solano_20201214_7_54_FULL,20201214,['']
Solano,Solano_20201214_8_13_FULL,20201214,['']
Solano,Solano_20201217_05_27_FULL_3calls,20201217,['']
Solano,Solano_20201217_619_FULL,20201217,['']
Solano,Solano_20201221_05_31_FULL,20201221,['']
Solano,Solano_20210123_03_05_FULL,20210123,['']
Solano,Solano_20210308_05_50_FULL,20210308,['']
Solano,Solano_20210322_05_04_FULL,20210322,['']
Solano,Solano_20210326_20348_FULL,20210326,['']
Solano,Solano_20201221_06_00_FULL,20201221,['']
Solano,Solano_20210831_10115_FULL,20210831,['']
Solano,Solano_20210113_273_Full,20210113,['']
Solano,Solano_20210224_464_Full_Stress_PrisonConditions_Infection,20210224,"['Stress', ' Prison Conditions', ' Infection']"
Solano,Solano_20210225_470_FULL_Infection_Stress_Family,20210225,"['Infection', ' Stress', ' Family']"
Solano,Solano_20210309_652_FULL_StressPrisonConditionsFamily,20210309,"['Stress', ' Prison Conditions', ' Family']"
Solano,Solano_20210312_663_Full,20210312,['']
Solano,Solano_20210312_666_FULL,20210312,['']
Solano,Solano_20210317_568_FULL,20210317,['']
Solano,Solano_20210319_579_Full,20210319,['']
Solano,Solano_20210402_611_FULL_Family_Stress,20210402,"['Family', ' Stress']"
Solano,Solano_20210427_886_FULL,20210427,['']
Solano,Solano_20210504_737_FULL,20210504,['']
Soledad,Soledad_20201026_08_14_FULL,20201026,['']
Soledad,Soledad_20201027_07_31_FULL,20201027,['']
Soledad,Soledad_20201228_159_Full_PrisonConditions,20201228,['Prison Conditions']
Soledad,Soledad_20210208_08_30_FULL,20210208,['Featured']
Soledad,Soledad_20201124_061_FULL,20201124,"['Prison Conditions', ' Infection']"
Soledad,Soledad_20201130_90_FULL,20201130,['']
Soledad,Soledad_20201215_170_FULL,20201215,"['Infection', ' Prison Conditions', ' Stress', ' Family']"
Soledad,Soledad_20201215_171_FULL_Infection_Programs_Stress,20201215,"['Infection', ' Programs', ' Stress']"
Soledad,Soledad_20201218_185_FULL,20201218,"['Infection', ' Prison Conditions', ' Stress']"
Soledad,Soledad_20201224_214_Full,20201224,['Infection']
Soledad,Soledad_20201224_219_FULL_PrisonConditionsInfectionFamily,20201224,"['Prison Conditions', ' Family']"
Soledad,Soledad_20201226_198_Full,20201226,['Stress']
Soledad,Soledad_20201228_172_FULL,20201228,['']
Soledad,Soledad_20201228_180_FULL,20201228,['']
Soledad,Soledad_20201228_181_FULL,20201228,['']
Soledad,Soledad_20201228_182_FULL,20201228,['']
Soledad,Soledad_20201228_195_FULL,20201228,"['Stress', ' Infection', ' Prison Conditions', ' Programs']"
Soledad,Soledad_20201228_196_Full,20201228,['']
Soledad,Soledad_20201229_164_FULL,20201229,['']
Soledad,Soledad_20201230_165_FULL,20201230,['']
Soledad,Soledad_20201231_224_FULL,20201231,['']
Soledad,Soledad_20201231_289_FULL,20201231,['']
Soledad,Soledad_20201231_290_FULL_Stress,20201231,['Stress']
Soledad,Soledad_20201231_291_FULL_Stress_PrisonConditions,20201231,"['Stress', ' Prison Conditions']"
Soledad,Soledad_20210105_159_FULLtags,20210105,['Stress']
Soledad,Soledad_20210105_255_FULL_Infection,20210105,['Infection']
Soledad,Soledad_20210105_286_FULL_StressInfectionPrisonConditions,20210105,"['Stress', ' Infection', ' Prison Conditions', ' Featured']"
Soledad,Soledad_20210107_221_FULL,20210107,['']
Soledad,Soledad_20210107_292_FULL,20210107,['']
Soledad,Soledad_20210108_223_FULL_PrisonConditions,20210108,['Prison Conditions']
Soledad,Soledad_20210109_241_FULL,20210109,"['Family', ' Infection', ' Prison Conditions', ' Programs']"
Soledad,Soledad_20210112_275_FULL,20210112,['']
Soledad,Soledad_20210113_266_FULL_Stress_PrisonConditions,20210113,"['Stress', ' Prison Conditions']"
Soledad,Soledad_20210119_323_Full_PrisonConditions_Family,20210119,"['Prison Conditions', ' Family']"
Soledad,Soledad_20210120_325_FULL,20210120,['']
Soledad,Soledad_20210208_362_FULL,20210208,['Featured']
Soledad,Soledad_20210325_647_FULL_PrisonConditionsInfection,20210325,"['Prison Conditions', ' Infection']"
Soledad,Soledad_20210329_590_FULL_ PrisonConditionsInfection,20210329,"['Prison Conditions', ' Infection']"
Soledad,Soledad_20210406_974_FULL_PrisonConditions,20210406,['Prison Conditions']
Soledad,Soledad_20210416_923_FULL_Stress,20210416,['Stress']
Sonoma_Main,Sonoma_Main_20201127_073_Full,20201127,['']
Stockton,Stockton_20210922_26483_FULL,20210922,['']
Stockton,Stockton_20210317_562_FULL,20210317,['']
Stockton,Stockton_20210318_569_Full_PrisonConditions,20210318,['Prison Conditions']
Stockton,Stockton_20210318_570_Full_PrisonConditions,20210318,['Prison Conditions']
Stockton,Stockton_20210318_571_Full_Infection,20210318,['Infection']
Stockton,Stockton_20210329_597_FULL_Family,20210329,['Family']
Stockton,Stockton_20210423_795_FULL,20210423,['']
Susanville,Susanville_20210317_560_FULL_Family_Infection_PrisonConditions,20210317,"['Family', ' Infection', ' Prison Conditions']"
Susanville,Susanville_20210419_719_Full,20210419,['']
Susanville,Susanville_20210423_800_Full,20210423,['']
Susanville,Susanville_20210423_863_FULL,20210423,['']
Susanville,Susanville_20210426_877_FULL,20210426,['']
Susanville,Susanville_20210426_878_FULL,20210426,['']
Susanville,Susanville_20210426_890_FULL_PrisonConditionsInfection,20210426,"['Prison Conditions', ' Infection']"
Susanville,Susanville_20210427_782_FULL,20210427,['']
Susanville,Susanville_20210427_784_FULL,20210427,['']
Tehachapi,Tehachapi_20201202_2_50_FULL_Programs_Stress_Family_PrisonConditions,20201202,"['Programs', ' Stress', ' Family', ' Prison conditions']"
Tehachapi,Tehachapi_20210111_441_FULL_PrisonConditions,20210111,['Prison Conditions']
Tehachapi,Tehachapi_20210119_0740_FULL,20210119,['']
Tehachapi,Tehachapi_20201123_063_FULL,20201123,['']
Tehachapi,Tehachapi_20201124_64_FULL,20201124,['']
Tehachapi,Tehachapi_20201201_78_FULL,20201201,"['Family', ' Stress', ' Infection']"
Tehachapi,Tehachapi_20201201_093_PrisonConditions,20201201,['Prison Conditions']
Tehachapi,Tehachapi_20201202_83_FullPrograms,20201202,"['Programs', ' Stress']"
Tehachapi,Tehachapi_20201207_109_FULL_PrisonConditions,20201207,"['Prison Conditions', ' Programs']"
Tehachapi,Tehachapi_20201207_122 _FULL,20201207,['']
Tehachapi,Tehachapi_20201207_123_FULL,20201207,['Prison Conditions']
Tehachapi,Tehachapi_20201207_124_Full_Infection_Stress_Engilsh_Version,20201207,"['Infection', ' Stress']"
Tehachapi,Tehachapi_20201208_125_FULL,20201208,"['Prison Conditions', ' Stress']"
Tehachapi,Tehachapi_20201208_126_FULL,20201208,"['Prison Conditions', ' Family']"
Tehachapi,Tehachapi_20201208_127_FULL_Stress,20201208,"['Stress', ' Featured']"
Tehachapi,Tehachapi_20201208_98_FULL,20201208,['']
Tehachapi,Tehachapi_20201209_107_FULL,20201209,['']
Tehachapi,Tehachapi_20201209_111_FULL,20201209,"['Infection', ' Programs', ' Stress', ' Family']"
Tehachapi,Tehachapi_20201209_116_FULL,20201209,['']
Tehachapi,Tehachapi_20201210_102_FULL,20201210,"['Family', ' Infection', ' Stress', ' Prison Conditions']"
Tehachapi,Tehachapi_20201210_115_FULL,20201210,"['Infection', ' Family']"
Tehachapi,Tehachapi_20201210_119_FULL,20201210,"['Prison Conditions', ' Family', ' Program']"
Tehachapi,Tehachapi_20201211_99_FULL,20201211,"['Programs', ' Stress']"
Tehachapi,Tehachapi_20201214_143_Full_PrisonConditions_Family,20201214,"['Prison Conditions', ' Family']"
Tehachapi,Tehachapi_20201214_144_PrisonConditions,20201214,"['Prison Conditions', ' Stress']"
Tehachapi,Tehachapi_20201214_145_PrisonConditions_Infection,20201214,"['Prison Conditions', ' Infection']"
Tehachapi,Tehachapi_20201214_146_Full,20201214,['']
Tehachapi,Tehachapi_20201215_133_FullFamily,20201215,"['Family', ' Prison Conditions', ' Programs']"
Tehachapi,Tehachapi_20201216_169_FULL,20201216,['Prison Conditions']
Tehachapi,Tehachapi_20201218_203_Full,20201218,"['Infection', ' Stress', ' Family']"
Tehachapi,Tehachapi_20201218_205_Full,20201218,"['Family', ' Programs', ' Infection']"
Tehachapi,Tehachapi_20201220_120_FULL,20201220,"['Family', ' Infection', ' Prison Conditions']"
Tehachapi,Tehachapi_20201221_149_FULL_PrisonConditions,20201221,"['Prison Conditions', ' Stress']"
Tehachapi,Tehachapi_20201221_190_FULL,20201221,"['Infection', ' Stress']"
Tehachapi,Tehachapi_20201228_176_FULL,20201228,"['Infection', ' Prison Conditions']"
Tehachapi,Tehachapi_20201231_150_FULL,20201231,['']
Tehachapi,Tehachapi_20210105_244_Full_Stress_Infection,20210105,"['Stress', ' Infection']"
Tehachapi,Tehachapi_20210121_326_Full_PrisonConditions,20210121,['Prison Conditions']
Tehachapi,Tehachapi_20210201_371_Full_PrisonConditions,20210201,['Prison Conditions']
Tehachapi,Tehachapi_20210210_361_FULL,20210210,['']
Tehachapi,Tehachapi_20210422_906_FULL_PrisonConditions,20210422,['Prison Conditions']
Tracy,Tracy_20210125_06_00_FULL,20210125,['']
Tracy,Tracy_20210126_297_Full,20210126,['']
Tracy,Tracy_20210126_298_Full_Family_PrisonConditions_Stress,20210126,"['Family', ' Prison Conditions', ' Stress']"
Tracy,Tracy_20210205_394_FULL_Stress,20210205,['Stress']
Tracy,Tracy_20210222_451_FULL_Stress,20210222,['Stress']
Tracy,Tracy_20210224_463_FULL,20210224,"['Infection', ' Stress', ' Featured']"
Tracy,Tracy_20210226_480_FULL,20210226,['']
Tracy,Tracy_20210311_662_Full_FamilyProgramsStress,20210311,"['Family', ' Programs', ' Stress']"
Tracy,Tracy_20210312_661_FULL_Stress_PrisonConditions,20210312,"['Stress', ' Prison Conditions']"
Tracy,Tracy_20210316_581_Full,20210316,['']
Tracy,Tracy_20210319_580_FULL_Family,20210319,['Family']
Tracy,Tracy_20210330_588_Full_Stress_PrisonConditions,20210330,"['Stress', ' Prison Conditions']"
Tulare_BobWiley,Tulare_BobWiley_20210908_44718_FULL,20210908,['']
Tulare_BobWiley,Tulare_BobWiley_20211112_16604_FULL,20211112,['']
Tulare_BobWiley,Tulare_BobWiley_20220302_13180_FULL,20220302,['']
Tulare_Main,Tulare_Main_20211227_94959_FULL,20211227,['']
Tulare_SouthCounty,Tulare_SouthCounty_20211105_16555_FULL,20211105,['']
USP_Victorville,USP_Victorville_20210922_001_FULL,20210922,['']
USP_Victorville,USP_Victorville_20210924_000_FULL_PrisonConditions_Programs,20210924,"['Prison Conditions', ' Programs']"
Vacaville,Vacaville_20201124_01_45_FULL_PrisonConditions,20201124,"['Prison Conditions', ' Featured']"
Vacaville,Vacaville_20210111_156_FULL_Infection,20210111,"['Featured', ' Infection', ' Prison Condition']"
Vacaville,Vacaville_20210429_7_14_FULL,20210429,['']
Vacaville,Vacaville_20211227_51626_FULL,20211227,['']
Vacaville,Vacaville_20210817_646_FULL,20210817,['']
Vacaville,Vacaville_20210707_15983_Full,20210707,['']
Vacaville,Vacaville_20220114_49400_FULL,20220114,['']
Vacaville,Vacaville_20201015_154_FULL,20201015,['']
Vacaville,Vacaville_20201112_035_FULL,20201112,"['Programs', ' Prison Conditions']"
Vacaville,Vacaville_20201222_100_FULL,20201222,['']
Vacaville,Vacaville_20201222_155_FULL,20201222,['']
Vacaville,Vacaville_20210104_288_FULL_PrisonConditions_Programs_Infection,20210104,"['Prison Conditions', ' Programs', ' Infection']"
Vacaville,Vacaville_20210106_234_Full,20210106,"['Prison Conditions', ' Stress']"
Vacaville,Vacaville_20210426_839_FULL,20210426,['']
Vacaville,Vacaville_20210426_862_FULL_PrisonConditions,20210426,['Prison Conditions']
Vacaville,Vacaville_20210426_873_FULL_PrisonConditionsInfectionStress,20210426,"['Prison Conditions', ' Infection', ' Stress', ' Featured']"
Vacaville,Vacaville_20210426_900_FULL,20210426,['']
Vacaville,Vacaville_20210426_901_FULL,20210426,['']
Vacaville,Vacaville_20210428_845_FULL,20210428,['']
Vacaville,Vacaville_20210430_1014_FULL_InfectionPrisonConditions,20210430,"['Infection', ' Prison Conditions']"
Valley State,Valley State_20210303_526_FULL_PrisonConditionsFamily,20210303,"['Prison Conditions', ' Family']"
Valley State,Valley State_20210315_541_FULL,20210315,['']
Valley State,Valley State_20210319_575_FULL_Stress_Family,20210319,"['Stress', ' Family']"
Valley State,ValleyState_20210211_443_FULL_PrisonConditions,20210211,['Prison Conditions']
Valley State,ValleyState_20210221_496_Full_Family_PrisonConditions_Stress_Infection,20210221,"['Family', ' Prison Conditions', ' Stress', ' Infection']"
Valley State,ValleyState_20210222_457_Full,20210222,['']
Valley State,ValleyState_20210222_486_Full_Infections_PrisonConditions_Family,20210222,"['Infections', ' Prison Conditions', ' Stress', ' Family']"
Valley State,ValleyState_20210226_478_Full,20210226,"['Infections', ' Stress', ' Prison Conditions', ' Programs']"
Valley State,ValleyState_20210301_537_FULL,20210301,['']
Valley State,Valleystate_20210322_627_FULL,20210322,['']
Valley State,ValleyState_20210325_634_FULL_FamilyStressPrisonConditions,20210325,"['Family', ' Stress', ' Prison Conditions', ' Featured']"
Valley State,ValleyState_20210329_593_FULL,20210329,['']
Valley State,ValleyState_20210329_594_FULL,20210329,"['Infection', '  Prison Conditions', ' Family']"
Valley State,ValleyState_20210402_613_FULL_PrisonConditions_Infection,20210402,"['Prison Conditions', ' Infection']"
Valley State,ValleyState_20210402_614_FULL_PrisonConditions_Infection,20210402,"['Infection', ' Stress', ' Prison Conditions']"
Valley State,ValleyState_20210406_969_Full_Programs_Family_Infection,20210406,"['Programs', ' Family', ' Infection']"
Valley State,ValleyState_20210412_948_FULL_PrisonConditionsInfectionStress,20210412,"['Prison Conditions', ' Infection', ' Stress']"
Valley State,ValleyState_20210413_950_FULL,20210413,['']
Valley State,ValleyState_20210420_715_Full,20210420,['']
Valley State,ValleyState_20210426_859_FULL_FamilyPrisonConditionsInfection,20210426,"['Family', ' Prison Conditions', ' Infection']"
Valley State,ValleyState_20210428_840_FULL_PrisonConditionsStressFamily,20210428,"['Prison Conditions', ' Stress', ' Family']"
Ventura_Main,Ventura_Main_20211109_47163_FULL,20211109,['']
Ventura_Main,Ventura_Main_20211117_90427_FULL,20211117,['']
Ventura_Main,Ventura_Main_20211215_87702_FULL_PrisonConditions_Infection,20211215,"['Prison Conditions', ' Infection', ' Featured']"
Ventura_Main,Ventura_Main_20211223_95494_FULL,20211223,['']
Ventura_Main,Ventura_Main_20220103_11818_FULL,20220103,['']
Ventura_Todd,Ventura_Todd_20211109_15925_FULL,20211109,['']
Ventura_Todd,Ventura_Todd_20211109_61440_FULL,20211109,['']
Ventura_Todd,Ventura_Todd_20211109_94215_FULL,20211109,['']
Ventura_Todd,Ventura_Todd_20211112_20428_FULL_PrisonConditions_Stress,20211112,"['Prison Conditions', ' Stress']"
Ventura_Todd,Ventura_Todd_20211130_75217_FULL_Stress,20211130,['Stress']
Wasco,Wasco_20210221_492a_FULL_Stress_PrisonConditions,20210221,"['Stress', ' Prison Conditions']"
Wasco,Wasco_20210221_492b_FULL_Stress,20210221,"['Programs', ' Stress', ' Featured']"
Wasco,Wasco_20210222_455_FULL_Family_PrisonConditions_Stress,20210222,"['Family', ' Prison Conditions', ' Stress']"
Wasco,Wasco_20210222_494_FULL_Family_PrisonConditions,20210222,"['Family', ' Prison Conditions']"
Wasco,Wasco_20210225_471_Full_Stress,20210225,['Stress']
Wasco,Wasco_20210226_477_Full_Stress,20210226,['Stress']
Wasco,Wasco_20210304_510_Full_Family_Infection,20210304,"['Family', ' Infection']"
Wasco,Wasco_20210316_557_FULL_Programs_Family_Stress,20210316,"['Programs', ' Family', ' Stress']"
Wasco,Wasco_20210316_559_FULL _Infections_PrisonConditions,20210316,"['Infection', ' Prison Conditions']"
Wasco,Wasco_20210317_563_FULL_Infection_Stress_Family,20210317,"['Infection', ' Stress', ' family']"
Wasco,Wasco_20210321_620_FULL_Stress_Infection,20210321,"['Stress', ' Infection']"
Wasco,Wasco_20210329_599_FULL_Infection_Stress,20210329,"['Infection', ' Stress', ' Featured']"
Wasco,Wasco_20210422_914_FULL,20210422,['']
Yuba,Yuba_20210903_29710_FULL,20210903,['']
Yuba,Yuba_20210811_503_FULL,20210811,['']
Yuba,Yuba_20211018_65593_FULL,20211018,['']
Yuba,Yuba_20211129_59826_FULL,20211129,['']